2026-02-01 15:45:02,099 INFO axes.apps AXES: BEGIN version 8.1.0, blocking by combination of username and ip_address
2026-02-01 15:46:51,627 INFO axes.apps AXES: BEGIN version 8.1.0, blocking by combination of username and ip_address
2026-02-01 15:47:10,696 INFO axes.apps AXES: BEGIN version 8.1.0, blocking by combination of username and ip_address
2026-02-01 15:47:47,883 INFO axes.apps AXES: BEGIN version 8.1.0, blocking by combination of username and ip_address
2026-02-01 15:48:07,469 INFO axes.apps AXES: BEGIN version 8.1.0, blocking by combination of username and ip_address
2026-02-01 15:48:55,013 INFO axes.apps AXES: BEGIN version 8.1.0, blocking by combination of username and ip_address
2026-02-01 15:49:17,463 INFO axes.apps AXES: BEGIN version 8.1.0, blocking by combination of username and ip_address
2026-02-01 15:49:55,966 INFO axes.apps AXES: BEGIN version 8.1.0, blocking by combination of username and ip_address
2026-02-01 15:50:28,427 INFO axes.apps AXES: BEGIN version 8.1.0, blocking by combination of username and ip_address
2026-02-01 15:50:31,484 INFO axes.apps AXES: BEGIN version 8.1.0, blocking by combination of username and ip_address
2026-02-01 15:50:31,507 INFO django.utils.autoreload Watching for file changes with StatReloader
2026-02-01 15:52:41,206 INFO django.utils.autoreload C:\Users\Hamza\Desktop\Projects\Portal\support\views.py changed, reloading.
2026-02-01 15:52:47,274 INFO axes.apps AXES: BEGIN version 8.1.0, blocking by combination of username and ip_address
2026-02-01 15:52:47,304 INFO django.utils.autoreload Watching for file changes with StatReloader
2026-02-01 15:54:49,936 INFO axes.apps AXES: BEGIN version 8.1.0, blocking by combination of username and ip_address
2026-02-01 15:55:01,884 INFO axes.apps AXES: BEGIN version 8.1.0, blocking by combination of username and ip_address
2026-02-01 15:55:03,433 INFO axes.apps AXES: BEGIN version 8.1.0, blocking by combination of username and ip_address
2026-02-01 15:55:03,453 INFO django.utils.autoreload Watching for file changes with StatReloader
2026-02-01 15:57:01,839 INFO axes.apps AXES: BEGIN version 8.1.0, blocking by combination of username and ip_address
2026-02-01 15:58:01,592 WARNING django.request Not Found: /
2026-02-01 15:58:01,717 WARNING django.request Not Found: /favicon.ico
2026-02-01 15:58:13,468 INFO axes.apps AXES: BEGIN version 8.1.0, blocking by combination of username and ip_address
2026-02-01 15:58:15,735 INFO axes.apps AXES: BEGIN version 8.1.0, blocking by combination of username and ip_address
2026-02-01 15:58:15,768 INFO django.utils.autoreload Watching for file changes with StatReloader
2026-02-01 15:58:37,014 WARNING django.request Not Found: /
2026-02-01 15:58:37,348 WARNING django.request Not Found: /favicon.ico
2026-02-01 15:58:43,876 WARNING django.request Not Found: /static/admin/css/base.css
2026-02-01 15:58:43,880 WARNING django.request Not Found: /static/admin/css/dark_mode.css
2026-02-01 15:58:43,894 WARNING django.request Not Found: /static/admin/css/nav_sidebar.css
2026-02-01 15:58:43,898 WARNING django.request Not Found: /static/admin/css/login.css
2026-02-01 15:58:43,910 WARNING django.request Not Found: /static/admin/js/theme.js
2026-02-01 15:58:43,918 WARNING django.request Not Found: /static/admin/css/responsive.css
2026-02-01 15:58:43,930 WARNING django.request Not Found: /static/admin/js/nav_sidebar.js
2026-02-01 15:58:43,933 WARNING django.request Not Found: /static/admin/css/nav_sidebar.css
2026-02-01 15:58:43,937 WARNING django.request Not Found: /static/admin/css/login.css
2026-02-01 15:58:47,921 WARNING django.request Not Found: /static/admin/css/dark_mode.css
2026-02-01 15:58:47,926 WARNING django.request Not Found: /static/admin/css/base.css
2026-02-01 15:58:47,930 WARNING django.request Not Found: /static/admin/css/nav_sidebar.css
2026-02-01 15:58:47,933 WARNING django.request Not Found: /static/admin/css/login.css
2026-02-01 15:58:47,941 WARNING django.request Not Found: /static/admin/css/responsive.css
2026-02-01 15:58:47,944 WARNING django.request Not Found: /static/admin/js/theme.js
2026-02-01 15:58:47,966 WARNING django.request Not Found: /static/admin/css/nav_sidebar.css
2026-02-01 15:58:47,970 WARNING django.request Not Found: /static/admin/js/nav_sidebar.js
2026-02-01 15:58:47,976 WARNING django.request Not Found: /static/admin/css/login.css
2026-02-01 15:58:47,978 WARNING django.request Not Found: /static/admin/css/responsive.css
2026-02-01 15:59:09,056 INFO axes.handlers.database AXES: Successful login by {username: "********************", ip_address: "********************", user_agent: "Mozilla/5.0 (Windows NT 10.0; Win64; x64) AppleWebKit/537.36 (KHTML, like Gecko) Chrome/144.0.0.0 Safari/537.36", path_info: "/admin/login/"}.
2026-02-01 15:59:09,058 INFO axes.handlers.database AXES: Cleaned up 0 expired access attempts from database that were older than 2026-02-01 09:59:08.138505+00:00
2026-02-01 15:59:09,075 INFO axes.handlers.database AXES: Reset 0 access attempts from database.
2026-02-01 15:59:09,075 INFO axes.handlers.database AXES: Deleted 0 failed login attempts by {username: "********************", ip_address: "********************", user_agent: "Mozilla/5.0 (Windows NT 10.0; Win64; x64) AppleWebKit/537.36 (KHTML, like Gecko) Chrome/144.0.0.0 Safari/537.36", path_info: "/admin/login/"} from database.
2026-02-01 15:59:09,293 WARNING django.request Not Found: /static/admin/css/dashboard.css
2026-02-01 15:59:09,311 WARNING django.request Not Found: /static/admin/css/nav_sidebar.css
2026-02-01 15:59:09,343 WARNING django.request Not Found: /static/admin/css/dark_mode.css
2026-02-01 15:59:09,380 WARNING django.request Not Found: /static/admin/css/responsive.css
2026-02-01 15:59:09,413 WARNING django.request Not Found: /static/admin/js/theme.js
2026-02-01 15:59:09,455 WARNING django.request Not Found: /static/admin/css/base.css
2026-02-01 15:59:09,497 WARNING django.request Not Found: /static/admin/css/nav_sidebar.css
2026-02-01 15:59:09,539 WARNING django.request Not Found: /static/admin/css/dashboard.css
2026-02-01 15:59:09,575 WARNING django.request Not Found: /static/admin/js/nav_sidebar.js
2026-02-01 15:59:09,611 WARNING django.request Not Found: /static/admin/css/responsive.css
2026-02-01 16:05:11,093 INFO django.utils.autoreload C:\Users\Hamza\Desktop\Projects\Portal\config\settings.py changed, reloading.
2026-02-01 16:05:11,260 INFO django.utils.autoreload C:\Users\Hamza\Desktop\Projects\Portal\config\settings.py changed, reloading.
2026-02-01 16:05:14,736 INFO axes.apps AXES: BEGIN version 8.1.0, blocking by combination of username and ip_address
2026-02-01 16:05:14,777 INFO django.utils.autoreload Watching for file changes with StatReloader
2026-02-01 16:05:15,127 INFO axes.apps AXES: BEGIN version 8.1.0, blocking by combination of username and ip_address
2026-02-01 16:05:15,159 INFO django.utils.autoreload Watching for file changes with StatReloader
2026-02-01 16:05:35,656 INFO django.utils.autoreload C:\Users\Hamza\Desktop\Projects\Portal\config\settings.py changed, reloading.
2026-02-01 16:05:35,706 INFO django.utils.autoreload C:\Users\Hamza\Desktop\Projects\Portal\config\settings.py changed, reloading.
2026-02-01 16:05:38,787 INFO axes.apps AXES: BEGIN version 8.1.0, blocking by combination of username and ip_address
2026-02-01 16:05:38,819 INFO django.utils.autoreload Watching for file changes with StatReloader
2026-02-01 16:05:45,769 INFO axes.apps AXES: BEGIN version 8.1.0, blocking by combination of username and ip_address
2026-02-01 16:05:48,220 INFO axes.apps AXES: BEGIN version 8.1.0, blocking by combination of username and ip_address
2026-02-01 16:05:48,245 INFO django.utils.autoreload Watching for file changes with StatReloader
2026-02-01 16:05:52,337 WARNING django.request Not Found: /static/admin/css/dark_mode.css
2026-02-01 16:05:52,374 WARNING django.request Not Found: /static/admin/css/responsive.css
2026-02-01 16:05:52,402 WARNING django.request Not Found: /static/admin/js/theme.js
2026-02-01 16:05:52,466 WARNING django.request Not Found: /static/admin/css/base.css
2026-02-01 16:05:52,520 WARNING django.request Not Found: /static/admin/css/nav_sidebar.css
2026-02-01 16:05:52,553 WARNING django.request Not Found: /static/admin/js/nav_sidebar.js
2026-02-01 16:05:52,568 WARNING django.request Not Found: /static/admin/css/responsive.css
2026-02-01 16:05:52,635 WARNING django.request Not Found: /static/admin/css/dashboard.css
2026-02-01 16:05:54,493 INFO axes.handlers.database AXES: Cleaned up 0 expired access attempts from database that were older than 2026-02-01 10:05:54.489687+00:00
2026-02-01 16:05:54,493 INFO axes.handlers.database AXES: Successful logout by {username: "********************", ip_address: "********************", user_agent: "Mozilla/5.0 (Windows NT 10.0; Win64; x64) AppleWebKit/537.36 (KHTML, like Gecko) Chrome/144.0.0.0 Safari/537.36", path_info: "/admin/logout/"}.
2026-02-01 16:05:54,592 WARNING django.request Not Found: /static/admin/css/base.css
2026-02-01 16:05:54,599 WARNING django.request Not Found: /static/admin/js/theme.js
2026-02-01 16:05:54,602 WARNING django.request Not Found: /static/admin/css/dark_mode.css
2026-02-01 16:05:54,605 WARNING django.request Not Found: /static/admin/css/nav_sidebar.css
2026-02-01 16:05:54,607 WARNING django.request Not Found: /static/admin/css/responsive.css
2026-02-01 16:05:54,636 WARNING django.request Not Found: /static/admin/css/nav_sidebar.css
2026-02-01 16:05:54,638 WARNING django.request Not Found: /static/admin/css/responsive.css
2026-02-01 16:05:54,639 WARNING django.request Not Found: /static/admin/js/nav_sidebar.js
2026-02-01 16:05:59,589 WARNING django.request Not Found: /static/admin/css/base.css
2026-02-01 16:05:59,594 WARNING django.request Not Found: /static/admin/css/dark_mode.css
2026-02-01 16:05:59,598 WARNING django.request Not Found: /static/admin/css/nav_sidebar.css
2026-02-01 16:05:59,600 WARNING django.request Not Found: /static/admin/css/login.css
2026-02-01 16:05:59,602 WARNING django.request Not Found: /static/admin/css/responsive.css
2026-02-01 16:05:59,605 WARNING django.request Not Found: /static/admin/js/theme.js
2026-02-01 16:05:59,671 WARNING django.request Not Found: /static/admin/css/login.css
2026-02-01 16:05:59,687 WARNING django.request Not Found: /static/admin/css/responsive.css
2026-02-01 16:05:59,699 WARNING django.request Not Found: /static/admin/js/nav_sidebar.js
2026-02-01 16:05:59,750 WARNING django.request Not Found: /static/admin/css/nav_sidebar.css
2026-02-01 16:06:03,284 WARNING django.request Not Found: /static/admin/css/base.css
2026-02-01 16:06:03,286 WARNING django.request Not Found: /static/admin/css/nav_sidebar.css
2026-02-01 16:06:03,288 WARNING django.request Not Found: /static/admin/css/dark_mode.css
2026-02-01 16:06:03,294 WARNING django.request Not Found: /static/admin/css/login.css
2026-02-01 16:06:03,299 WARNING django.request Not Found: /static/admin/css/responsive.css
2026-02-01 16:06:03,300 WARNING django.request Not Found: /static/admin/js/theme.js
2026-02-01 16:06:03,338 WARNING django.request Not Found: /static/admin/js/nav_sidebar.js
2026-02-01 16:06:03,350 WARNING django.request Not Found: /static/admin/css/responsive.css
2026-02-01 16:06:03,355 WARNING django.request Not Found: /static/admin/css/login.css
2026-02-01 16:06:03,371 WARNING django.request Not Found: /static/admin/css/nav_sidebar.css
2026-02-01 16:06:17,232 INFO django.utils.autoreload C:\Users\Hamza\Desktop\Projects\Portal\config\settings.py changed, reloading.
2026-02-01 16:06:17,903 INFO django.utils.autoreload C:\Users\Hamza\Desktop\Projects\Portal\config\settings.py changed, reloading.
2026-02-01 16:06:19,812 INFO axes.apps AXES: BEGIN version 8.1.0, blocking by combination of username and ip_address
2026-02-01 16:06:19,844 INFO django.utils.autoreload Watching for file changes with StatReloader
2026-02-01 16:06:23,561 INFO axes.apps AXES: BEGIN version 8.1.0, blocking by combination of username and ip_address
2026-02-01 16:06:25,616 INFO axes.apps AXES: BEGIN version 8.1.0, blocking by combination of username and ip_address
2026-02-01 16:06:25,669 INFO django.utils.autoreload Watching for file changes with StatReloader
2026-02-01 16:06:32,243 WARNING django.request Not Found: /static/admin/css/base.css
2026-02-01 16:06:32,244 WARNING django.request Not Found: /static/admin/css/dark_mode.css
2026-02-01 16:06:32,245 WARNING django.request Not Found: /static/admin/js/theme.js
2026-02-01 16:06:32,245 WARNING django.request Not Found: /static/admin/css/login.css
2026-02-01 16:06:32,246 WARNING django.request Not Found: /static/admin/css/responsive.css
2026-02-01 16:06:32,247 WARNING django.request Not Found: /static/admin/css/nav_sidebar.css
2026-02-01 16:06:32,330 WARNING django.request Not Found: /static/admin/js/nav_sidebar.js
2026-02-01 16:06:35,391 WARNING django.request Not Found: /static/admin/css/nav_sidebar.css
2026-02-01 16:06:35,397 WARNING django.request Not Found: /static/admin/css/responsive.css
2026-02-01 16:06:35,399 WARNING django.request Not Found: /static/admin/css/base.css
2026-02-01 16:06:35,401 WARNING django.request Not Found: /static/admin/css/dark_mode.css
2026-02-01 16:06:35,403 WARNING django.request Not Found: /static/admin/css/login.css
2026-02-01 16:06:35,409 WARNING django.request Not Found: /static/admin/js/theme.js
2026-02-01 16:06:35,434 WARNING django.request Not Found: /static/admin/css/responsive.css
2026-02-01 16:06:35,436 WARNING django.request Not Found: /static/admin/css/nav_sidebar.css
2026-02-01 16:06:35,450 WARNING django.request Not Found: /static/admin/js/nav_sidebar.js
2026-02-01 16:06:35,468 WARNING django.request Not Found: /static/admin/css/login.css
2026-02-01 16:08:45,739 INFO axes.apps AXES: BEGIN version 8.1.0, blocking by combination of username and ip_address
2026-02-01 16:09:27,147 INFO axes.apps AXES: BEGIN version 8.1.0, blocking by combination of username and ip_address
2026-02-01 16:09:28,732 INFO axes.apps AXES: BEGIN version 8.1.0, blocking by combination of username and ip_address
2026-02-01 16:09:28,775 INFO django.utils.autoreload Watching for file changes with StatReloader
2026-02-01 16:09:43,961 INFO axes.handlers.database AXES: Successful login by {username: "********************", ip_address: "********************", user_agent: "Mozilla/5.0 (Windows NT 10.0; Win64; x64) AppleWebKit/537.36 (KHTML, like Gecko) Chrome/144.0.0.0 Safari/537.36", path_info: "/admin/login/"}.
2026-02-01 16:09:43,963 INFO axes.handlers.database AXES: Cleaned up 0 expired access attempts from database that were older than 2026-02-01 10:09:42.762552+00:00
2026-02-01 16:09:43,980 INFO axes.handlers.database AXES: Reset 0 access attempts from database.
2026-02-01 16:09:43,980 INFO axes.handlers.database AXES: Deleted 0 failed login attempts by {username: "********************", ip_address: "********************", user_agent: "Mozilla/5.0 (Windows NT 10.0; Win64; x64) AppleWebKit/537.36 (KHTML, like Gecko) Chrome/144.0.0.0 Safari/537.36", path_info: "/admin/login/"} from database.
2026-02-01 16:21:15,441 INFO django.utils.autoreload C:\Users\Hamza\Desktop\Projects\Portal\config\settings.py changed, reloading.
2026-02-01 16:21:15,861 INFO django.utils.autoreload C:\Users\Hamza\Desktop\Projects\Portal\config\settings.py changed, reloading.
2026-02-01 16:21:23,996 INFO axes.apps AXES: BEGIN version 8.1.0, blocking by combination of username and ip_address
2026-02-01 16:21:24,046 INFO django.utils.autoreload Watching for file changes with StatReloader
2026-02-01 16:21:25,706 INFO axes.apps AXES: BEGIN version 8.1.0, blocking by combination of username and ip_address
2026-02-01 16:21:25,827 INFO django.utils.autoreload Watching for file changes with StatReloader
2026-02-01 16:21:47,507 INFO django.utils.autoreload C:\Users\Hamza\Desktop\Projects\Portal\config\settings.py changed, reloading.
2026-02-01 16:21:47,590 INFO django.utils.autoreload C:\Users\Hamza\Desktop\Projects\Portal\config\settings.py changed, reloading.
2026-02-01 16:21:51,059 INFO axes.apps AXES: BEGIN version 8.1.0, blocking by combination of username and ip_address
2026-02-01 16:21:51,091 INFO axes.apps AXES: BEGIN version 8.1.0, blocking by combination of username and ip_address
2026-02-01 16:21:51,106 INFO django.utils.autoreload Watching for file changes with StatReloader
2026-02-01 16:21:51,157 INFO django.utils.autoreload Watching for file changes with StatReloader
2026-02-01 16:23:20,401 INFO axes.apps AXES: BEGIN version 8.1.0, blocking by combination of username and ip_address
2026-02-01 16:25:26,403 INFO axes.apps AXES: BEGIN version 8.1.0, blocking by combination of username and ip_address
2026-02-01 16:28:13,849 INFO axes.apps AXES: BEGIN version 8.1.0, blocking by combination of username and ip_address
2026-02-01 16:34:10,486 INFO axes.apps AXES: BEGIN version 8.1.0, blocking by combination of username and ip_address
2026-02-01 16:35:41,349 INFO axes.apps AXES: BEGIN version 8.1.0, blocking by combination of username and ip_address
2026-02-01 16:35:57,678 INFO axes.apps AXES: BEGIN version 8.1.0, blocking by combination of username and ip_address
2026-02-01 16:42:55,573 INFO axes.apps AXES: BEGIN version 8.1.0, blocking by combination of username and ip_address
2026-02-01 17:57:52,100 INFO axes.apps AXES: BEGIN version 8.1.0, blocking by combination of username and ip_address
2026-02-01 18:03:47,501 INFO axes.apps AXES: BEGIN version 8.1.0, blocking by combination of username and ip_address
2026-02-01 18:16:54,786 INFO axes.apps AXES: BEGIN version 8.1.0, blocking by combination of username and ip_address
2026-02-01 18:17:13,155 INFO axes.apps AXES: BEGIN version 8.1.0, blocking by combination of username and ip_address
2026-02-01 18:17:43,404 INFO axes.apps AXES: BEGIN version 8.1.0, blocking by combination of username and ip_address
2026-02-01 18:17:44,709 INFO axes.apps AXES: BEGIN version 8.1.0, blocking by combination of username and ip_address
2026-02-01 18:17:44,726 INFO django.utils.autoreload Watching for file changes with StatReloader
2026-02-01 18:17:52,862 WARNING django.request Not Found: /
2026-02-01 18:17:53,027 WARNING django.request Not Found: /favicon.ico
2026-02-01 18:18:06,424 INFO axes.handlers.database AXES: Successful login by {username: "********************", ip_address: "********************", user_agent: "Mozilla/5.0 (Windows NT 10.0; Win64; x64) AppleWebKit/537.36 (KHTML, like Gecko) Chrome/144.0.0.0 Safari/537.36", path_info: "/admin/login/"}.
2026-02-01 18:18:06,426 INFO axes.handlers.database AXES: Cleaned up 0 expired access attempts from database that were older than 2026-02-01 12:18:05.757645+00:00
2026-02-01 18:18:06,438 INFO axes.handlers.database AXES: Reset 0 access attempts from database.
2026-02-01 18:18:06,438 INFO axes.handlers.database AXES: Deleted 0 failed login attempts by {username: "********************", ip_address: "********************", user_agent: "Mozilla/5.0 (Windows NT 10.0; Win64; x64) AppleWebKit/537.36 (KHTML, like Gecko) Chrome/144.0.0.0 Safari/537.36", path_info: "/admin/login/"} from database.
2026-02-01 18:18:14,713 INFO axes.handlers.database AXES: Cleaned up 0 expired access attempts from database that were older than 2026-02-01 12:18:14.712022+00:00
2026-02-01 18:18:14,713 INFO axes.handlers.database AXES: Successful logout by {username: "********************", ip_address: "********************", user_agent: "Mozilla/5.0 (Windows NT 10.0; Win64; x64) AppleWebKit/537.36 (KHTML, like Gecko) Chrome/144.0.0.0 Safari/537.36", path_info: "/admin/logout/"}.
2026-02-01 18:18:18,871 WARNING django.request Unauthorized: /api/
2026-02-01 18:18:25,391 WARNING django.request Unauthorized: /api/
2026-02-01 18:18:27,065 WARNING django.request Unauthorized: /api/
2026-02-01 18:18:30,078 WARNING django.request Unauthorized: /api/
2026-02-01 18:18:33,525 WARNING django.request Not Found: /
2026-02-01 18:18:51,244 WARNING django.request Unauthorized: /api/dashboard/
2026-02-01 18:44:51,237 WARNING django.request Unauthorized: /api/applicants/
2026-02-01 18:44:51,574 WARNING django.request Not Found: /favicon.ico
2026-02-01 18:46:21,822 INFO django.utils.autoreload C:\Users\Hamza\Desktop\Projects\Portal\config\settings.py changed, reloading.
2026-02-01 18:46:23,474 INFO axes.apps AXES: BEGIN version 8.1.0, blocking by combination of username and ip_address
2026-02-01 18:46:23,497 INFO django.utils.autoreload Watching for file changes with StatReloader
2026-02-01 18:46:28,096 WARNING django.request Unauthorized: /api/applicants/
2026-02-01 18:46:29,485 WARNING django.request Unauthorized: /api/applicants/
2026-02-01 18:46:31,155 WARNING django.request Unauthorized: /api/applicants/
2026-02-01 18:48:03,422 INFO django.utils.autoreload C:\Users\Hamza\Desktop\Projects\Portal\config\settings.py changed, reloading.
2026-02-01 18:48:05,013 INFO axes.apps AXES: BEGIN version 8.1.0, blocking by combination of username and ip_address
2026-02-01 18:48:05,032 INFO django.utils.autoreload Watching for file changes with StatReloader
2026-02-01 18:48:10,363 WARNING django.request Unauthorized: /api/applicants/
2026-02-01 18:48:26,356 INFO axes.handlers.database AXES: Successful login by {username: "********************", ip_address: "********************", user_agent: "Mozilla/5.0 (Windows NT 10.0; Win64; x64) AppleWebKit/537.36 (KHTML, like Gecko) Chrome/144.0.0.0 Safari/537.36", path_info: "/admin/login/"}.
2026-02-01 18:48:26,358 INFO axes.handlers.database AXES: Cleaned up 0 expired access attempts from database that were older than 2026-02-01 12:48:25.716803+00:00
2026-02-01 18:48:26,362 INFO axes.handlers.database AXES: Reset 0 access attempts from database.
2026-02-01 18:48:26,363 INFO axes.handlers.database AXES: Deleted 0 failed login attempts by {username: "********************", ip_address: "********************", user_agent: "Mozilla/5.0 (Windows NT 10.0; Win64; x64) AppleWebKit/537.36 (KHTML, like Gecko) Chrome/144.0.0.0 Safari/537.36", path_info: "/admin/login/"} from database.
2026-02-01 18:48:30,092 WARNING django.request Not Found: /
2026-02-01 18:48:42,241 WARNING django.request Unauthorized: /api/applicants/
2026-02-01 18:49:55,148 INFO django.utils.autoreload C:\Users\Hamza\Desktop\Projects\Portal\config\settings.py changed, reloading.
2026-02-01 18:49:56,924 INFO axes.apps AXES: BEGIN version 8.1.0, blocking by combination of username and ip_address
2026-02-01 18:49:56,946 INFO django.utils.autoreload Watching for file changes with StatReloader
2026-02-01 18:50:31,403 INFO django.utils.autoreload C:\Users\Hamza\Desktop\Projects\Portal\config\settings.py changed, reloading.
2026-02-01 18:50:32,654 INFO axes.apps AXES: BEGIN version 8.1.0, blocking by combination of username and ip_address
2026-02-01 18:50:32,673 INFO django.utils.autoreload Watching for file changes with StatReloader
2026-02-01 18:50:54,900 INFO django.utils.autoreload C:\Users\Hamza\Desktop\Projects\Portal\config\settings.py changed, reloading.
2026-02-01 18:50:56,326 INFO axes.apps AXES: BEGIN version 8.1.0, blocking by combination of username and ip_address
2026-02-01 18:50:56,435 INFO django.utils.autoreload Watching for file changes with StatReloader
2026-02-01 18:51:15,079 INFO django.utils.autoreload C:\Users\Hamza\Desktop\Projects\Portal\config\urls.py changed, reloading.
2026-02-01 18:51:16,550 INFO axes.apps AXES: BEGIN version 8.1.0, blocking by combination of username and ip_address
2026-02-01 18:51:16,567 INFO django.utils.autoreload Watching for file changes with StatReloader
2026-02-01 18:51:28,790 INFO django.utils.autoreload C:\Users\Hamza\Desktop\Projects\Portal\config\urls.py changed, reloading.
2026-02-01 18:51:30,016 INFO axes.apps AXES: BEGIN version 8.1.0, blocking by combination of username and ip_address
2026-02-01 18:51:30,033 INFO django.utils.autoreload Watching for file changes with StatReloader
2026-02-01 18:51:40,428 WARNING django.request Not Found: /api/schema/swagger-ui/
2026-02-01 18:52:37,757 INFO django.utils.autoreload C:\Users\Hamza\Desktop\Projects\Portal\config\urls.py changed, reloading.
2026-02-01 18:52:39,315 INFO axes.apps AXES: BEGIN version 8.1.0, blocking by combination of username and ip_address
2026-02-01 18:52:39,335 INFO django.utils.autoreload Watching for file changes with StatReloader
2026-02-01 18:52:55,626 INFO axes.apps AXES: BEGIN version 8.1.0, blocking by combination of username and ip_address
2026-02-01 18:52:56,720 INFO axes.apps AXES: BEGIN version 8.1.0, blocking by combination of username and ip_address
2026-02-01 18:52:56,736 INFO django.utils.autoreload Watching for file changes with StatReloader
2026-02-01 18:53:01,380 WARNING django.request Not Found: /
2026-02-01 18:53:16,695 WARNING django.request Not Found: /api/schema/swagger-ui/
2026-02-01 18:53:17,979 WARNING django.request Not Found: /api/schema/swagger-ui/
2026-02-01 18:53:55,282 INFO django.utils.autoreload C:\Users\Hamza\Desktop\Projects\Portal\config\urls.py changed, reloading.
2026-02-01 18:53:56,946 INFO axes.apps AXES: BEGIN version 8.1.0, blocking by combination of username and ip_address
2026-02-01 18:53:56,966 INFO django.utils.autoreload Watching for file changes with StatReloader
2026-02-01 18:54:00,618 WARNING django.request Not Found: /
2026-02-01 18:55:17,115 INFO axes.handlers.database AXES: User login failed, running database handler for failure.
2026-02-01 18:55:17,116 INFO axes.handlers.database AXES: Cleaned up 0 expired access attempts from database that were older than 2026-02-01 12:55:16.437932+00:00
2026-02-01 18:55:17,125 WARNING axes.handlers.database AXES: New login failure by {username: "********************", ip_address: "********************", user_agent: "Mozilla/5.0 (Windows NT 10.0; Win64; x64) AppleWebKit/537.36 (KHTML, like Gecko) Chrome/144.0.0.0 Safari/537.36", path_info: "/api/auth/login/"}. Created new record in the database.
2026-02-01 18:55:17,131 WARNING django.request Unauthorized: /api/auth/login/
2026-02-01 18:58:29,248 INFO axes.handlers.database AXES: User login failed, running database handler for failure.
2026-02-01 18:58:29,249 INFO axes.handlers.database AXES: Cleaned up 0 expired access attempts from database that were older than 2026-02-01 12:58:28.580945+00:00
2026-02-01 18:58:29,254 WARNING axes.handlers.database AXES: Repeated login failure by {username: "********************", ip_address: "********************", user_agent: "Mozilla/5.0 (Windows NT 10.0; Win64; x64) AppleWebKit/537.36 (KHTML, like Gecko) Chrome/144.0.0.0 Safari/537.36", path_info: "/api/auth/login/"}. Updated existing record in the database.
2026-02-01 18:58:29,260 WARNING django.request Unauthorized: /api/auth/login/
2026-02-01 19:00:31,546 WARNING django.request Unauthorized: /api/auth/partners/2/
2026-02-01 19:00:56,656 INFO axes.handlers.database AXES: User login failed, running database handler for failure.
2026-02-01 19:00:56,658 INFO axes.handlers.database AXES: Cleaned up 0 expired access attempts from database that were older than 2026-02-01 13:00:56.042700+00:00
2026-02-01 19:00:56,662 WARNING axes.handlers.database AXES: New login failure by {username: "********************", ip_address: "********************", user_agent: "Mozilla/5.0 (Windows NT 10.0; Win64; x64) AppleWebKit/537.36 (KHTML, like Gecko) Chrome/144.0.0.0 Safari/537.36", path_info: "/api/auth/login/"}. Created new record in the database.
2026-02-01 19:00:56,667 WARNING django.request Unauthorized: /api/auth/login/
2026-02-01 19:01:40,283 WARNING django.request Not Found: /api/auth/partners/2/
2026-02-01 19:01:53,131 WARNING django.request Not Found: /api/auth/partners/2/
2026-02-03 01:21:10,800 INFO axes.apps AXES: BEGIN version 8.1.0, blocking by combination of username and ip_address
2026-02-03 01:21:23,645 INFO axes.apps AXES: BEGIN version 8.1.0, blocking by combination of username and ip_address
2026-02-03 01:30:50,687 INFO axes.apps AXES: BEGIN version 8.1.0, blocking by combination of username and ip_address
2026-02-03 01:32:13,211 INFO axes.apps AXES: BEGIN version 8.1.0, blocking by combination of username and ip_address
2026-02-03 01:33:14,718 INFO axes.apps AXES: BEGIN version 8.1.0, blocking by combination of username and ip_address
2026-02-03 01:33:28,783 INFO axes.apps AXES: BEGIN version 8.1.0, blocking by combination of username and ip_address
2026-02-03 01:34:20,888 INFO axes.apps AXES: BEGIN version 8.1.0, blocking by combination of username and ip_address
2026-02-03 01:34:22,002 INFO axes.apps AXES: BEGIN version 8.1.0, blocking by combination of username and ip_address
2026-02-03 01:34:22,019 INFO django.utils.autoreload Watching for file changes with StatReloader
2026-02-03 01:34:23,847 WARNING django.request Not Found: /favicon.ico
2026-02-03 01:34:33,684 INFO axes.handlers.database AXES: Successful login by {username: "********************", ip_address: "********************", user_agent: "Mozilla/5.0 (Windows NT 10.0; Win64; x64) AppleWebKit/537.36 (KHTML, like Gecko) Chrome/144.0.0.0 Safari/537.36", path_info: "/admin/login/"}.
2026-02-03 01:34:33,686 INFO axes.handlers.database AXES: Cleaned up 0 expired access attempts from database that were older than 2026-02-02 19:34:32.939079+00:00
2026-02-03 01:34:33,696 INFO axes.handlers.database AXES: Reset 0 access attempts from database.
2026-02-03 01:34:33,696 INFO axes.handlers.database AXES: Deleted 0 failed login attempts by {username: "********************", ip_address: "********************", user_agent: "Mozilla/5.0 (Windows NT 10.0; Win64; x64) AppleWebKit/537.36 (KHTML, like Gecko) Chrome/144.0.0.0 Safari/537.36", path_info: "/admin/login/"} from database.
2026-02-03 01:40:08,814 INFO django.utils.autoreload C:\Users\Hamza\Desktop\Projects\Portal\applicants\admin.py changed, reloading.
2026-02-03 01:40:10,618 INFO axes.apps AXES: BEGIN version 8.1.0, blocking by combination of username and ip_address
2026-02-03 01:40:10,649 INFO django.utils.autoreload Watching for file changes with StatReloader
2026-02-03 01:40:22,942 INFO django.utils.autoreload C:\Users\Hamza\Desktop\Projects\Portal\applicants\serializers.py changed, reloading.
2026-02-03 01:40:24,488 INFO axes.apps AXES: BEGIN version 8.1.0, blocking by combination of username and ip_address
2026-02-03 01:40:24,508 INFO django.utils.autoreload Watching for file changes with StatReloader
2026-02-03 01:40:41,851 INFO django.utils.autoreload C:\Users\Hamza\Desktop\Projects\Portal\applicants\views.py changed, reloading.
2026-02-03 01:40:43,415 INFO axes.apps AXES: BEGIN version 8.1.0, blocking by combination of username and ip_address
2026-02-03 01:40:43,433 INFO django.utils.autoreload Watching for file changes with StatReloader
2026-02-03 01:42:55,481 INFO django.utils.autoreload C:\Users\Hamza\Desktop\Projects\Portal\core\permissions.py changed, reloading.
2026-02-03 01:42:57,035 INFO axes.apps AXES: BEGIN version 8.1.0, blocking by combination of username and ip_address
2026-02-03 01:42:57,052 INFO django.utils.autoreload Watching for file changes with StatReloader
2026-02-05 22:58:23,025 INFO axes.apps AXES: BEGIN version 8.1.0, blocking by combination of username and ip_address
2026-02-05 22:58:27,141 INFO axes.apps AXES: BEGIN version 8.1.0, blocking by combination of username and ip_address
2026-02-05 22:58:27,158 INFO django.utils.autoreload Watching for file changes with StatReloader
2026-02-05 23:16:30,609 INFO django.utils.autoreload C:\Users\Hamza\Downloads\hainan-builder-portal\code\hainan-builder-portal\backend\config\settings.py changed, reloading.
2026-02-05 23:16:32,949 INFO django.utils.autoreload Watching for file changes with StatReloader
2026-02-05 23:16:36,133 INFO django.utils.autoreload C:\Users\Hamza\Downloads\hainan-builder-portal\code\hainan-builder-portal\backend\config\settings.py changed, reloading.
2026-02-05 23:16:37,467 INFO django.utils.autoreload Watching for file changes with StatReloader
2026-02-05 23:17:32,970 INFO django.utils.autoreload C:\Users\Hamza\Downloads\hainan-builder-portal\code\hainan-builder-portal\backend\config\settings.py changed, reloading.
2026-02-05 23:17:34,456 INFO axes.apps AXES: BEGIN version 8.1.0, blocking by combination of username and ip_address
2026-02-05 23:17:34,501 INFO django.utils.autoreload Watching for file changes with StatReloader
2026-02-05 23:19:03,696 INFO django.utils.autoreload C:\Users\Hamza\Downloads\hainan-builder-portal\code\hainan-builder-portal\backend\config\settings.py changed, reloading.
2026-02-05 23:19:05,020 INFO axes.apps AXES: BEGIN version 8.1.0, blocking by combination of username and ip_address
2026-02-05 23:19:05,039 INFO django.utils.autoreload Watching for file changes with StatReloader
2026-02-05 23:19:28,433 INFO django.utils.autoreload C:\Users\Hamza\Downloads\hainan-builder-portal\code\hainan-builder-portal\backend\config\settings.py changed, reloading.
2026-02-05 23:19:29,816 INFO axes.apps AXES: BEGIN version 8.1.0, blocking by combination of username and ip_address
2026-02-05 23:19:29,833 INFO django.utils.autoreload Watching for file changes with StatReloader
2026-02-05 23:22:01,293 INFO axes.apps AXES: BEGIN version 8.1.0, blocking by combination of username and ip_address
2026-02-05 23:22:02,267 INFO axes.apps AXES: BEGIN version 8.1.0, blocking by combination of username and ip_address
2026-02-05 23:22:02,284 INFO django.utils.autoreload Watching for file changes with StatReloader
2026-02-05 23:22:17,289 INFO django.utils.autoreload C:\Users\Hamza\Downloads\hainan-builder-portal\code\hainan-builder-portal\backend\config\settings.py changed, reloading.
2026-02-05 23:22:19,588 INFO axes.apps AXES: BEGIN version 8.1.0, blocking by combination of username and ip_address
2026-02-05 23:22:19,620 INFO django.utils.autoreload Watching for file changes with StatReloader
2026-02-05 23:25:23,570 INFO django.utils.autoreload C:\Users\Hamza\Downloads\hainan-builder-portal\code\hainan-builder-portal\backend\config\settings.py changed, reloading.
2026-02-05 23:25:25,383 INFO axes.apps AXES: BEGIN version 8.1.0, blocking by combination of username and ip_address
2026-02-05 23:25:25,414 INFO django.utils.autoreload Watching for file changes with StatReloader
2026-02-05 23:25:42,749 INFO axes.apps AXES: BEGIN version 8.1.0, blocking by combination of username and ip_address
2026-02-05 23:25:44,158 INFO axes.apps AXES: BEGIN version 8.1.0, blocking by combination of username and ip_address
2026-02-05 23:25:44,180 INFO django.utils.autoreload Watching for file changes with StatReloader
2026-02-05 23:36:25,570 INFO django.utils.autoreload C:\Users\Hamza\Downloads\hainan-builder-portal\code\hainan-builder-portal\backend\config\settings.py changed, reloading.
2026-02-05 23:36:28,268 INFO axes.apps AXES: BEGIN version 8.1.0, blocking by combination of username and ip_address
2026-02-05 23:36:28,291 INFO django.utils.autoreload Watching for file changes with StatReloader
2026-02-05 23:42:37,860 INFO django.utils.autoreload C:\Users\Hamza\Downloads\hainan-builder-portal\code\hainan-builder-portal\backend\config\settings.py changed, reloading.
2026-02-05 23:42:39,571 INFO axes.apps AXES: BEGIN version 8.1.0, blocking by combination of username and ip_address
2026-02-05 23:42:39,591 INFO django.utils.autoreload Watching for file changes with StatReloader
2026-02-05 23:42:46,400 INFO axes.apps AXES: BEGIN version 8.1.0, blocking by combination of username and ip_address
2026-02-05 23:42:47,641 INFO axes.apps AXES: BEGIN version 8.1.0, blocking by combination of username and ip_address
2026-02-05 23:42:47,668 INFO django.utils.autoreload Watching for file changes with StatReloader
2026-02-05 23:44:40,975 INFO django.utils.autoreload C:\Users\Hamza\Downloads\hainan-builder-portal\code\hainan-builder-portal\backend\config\settings.py changed, reloading.
2026-02-05 23:44:42,613 INFO axes.apps AXES: BEGIN version 8.1.0, blocking by combination of username and ip_address
2026-02-05 23:44:42,659 INFO django.utils.autoreload Watching for file changes with StatReloader
2026-02-05 23:44:48,580 WARNING django.request Bad Request: /api/auth/register/
2026-02-05 23:44:49,252 WARNING django.request Bad Request: /api/auth/register/
2026-02-05 23:44:49,682 WARNING django.request Bad Request: /api/auth/register/
2026-02-05 23:44:49,916 WARNING django.request Bad Request: /api/auth/register/
2026-02-05 23:44:50,085 WARNING django.request Bad Request: /api/auth/register/
2026-02-05 23:44:50,297 WARNING django.request Bad Request: /api/auth/register/
2026-02-05 23:44:56,612 WARNING django.request Bad Request: /api/auth/register/
2026-02-05 23:54:35,193 ERROR django.request Internal Server Error: /api/applicants/
Traceback (most recent call last):
  File "C:\Users\Hamza\miniconda3\Lib\site-packages\django\db\backends\utils.py", line 105, in _execute
    return self.cursor.execute(sql, params)
           ~~~~~~~~~~~~~~~~~~~^^^^^^^^^^^^^
psycopg2.errors.NotNullViolation: null value in column "partner_id" of relation "applicants" violates not-null constraint
DETAIL:  Failing row contains (1, Hamza Mirza, M, 2002-06-19, single, +923214004389, hamza123ahmed123mirza@gmail.com, , 2332233232, null, null, , Pakistan, , Business Registration, null, null, new, , {"position": "CEO", "company_name": "Terasols"}, 2026-02-05 18:54:35.033754+00, 2026-02-05 18:54:35.033831+00, null).


The above exception was the direct cause of the following exception:

Traceback (most recent call last):
  File "C:\Users\Hamza\miniconda3\Lib\site-packages\django\core\handlers\exception.py", line 55, in inner
    response = get_response(request)
  File "C:\Users\Hamza\miniconda3\Lib\site-packages\django\core\handlers\base.py", line 197, in _get_response
    response = wrapped_callback(request, *callback_args, **callback_kwargs)
  File "C:\Users\Hamza\miniconda3\Lib\site-packages\django\views\decorators\csrf.py", line 65, in _view_wrapper
    return view_func(request, *args, **kwargs)
  File "C:\Users\Hamza\miniconda3\Lib\site-packages\rest_framework\viewsets.py", line 125, in view
    return self.dispatch(request, *args, **kwargs)
           ~~~~~~~~~~~~~^^^^^^^^^^^^^^^^^^^^^^^^^^
  File "C:\Users\Hamza\miniconda3\Lib\site-packages\rest_framework\views.py", line 515, in dispatch
    response = self.handle_exception(exc)
  File "C:\Users\Hamza\miniconda3\Lib\site-packages\rest_framework\views.py", line 475, in handle_exception
    self.raise_uncaught_exception(exc)
    ~~~~~~~~~~~~~~~~~~~~~~~~~~~~~^^^^^
  File "C:\Users\Hamza\miniconda3\Lib\site-packages\rest_framework\views.py", line 486, in raise_uncaught_exception
    raise exc
  File "C:\Users\Hamza\miniconda3\Lib\site-packages\rest_framework\views.py", line 512, in dispatch
    response = handler(request, *args, **kwargs)
  File "C:\Users\Hamza\miniconda3\Lib\site-packages\rest_framework\mixins.py", line 19, in create
    self.perform_create(serializer)
    ~~~~~~~~~~~~~~~~~~~^^^^^^^^^^^^
  File "C:\Users\Hamza\Downloads\hainan-builder-portal\code\hainan-builder-portal\backend\applicants\views.py", line 72, in perform_create
    serializer.save()
    ~~~~~~~~~~~~~~~^^
  File "C:\Users\Hamza\miniconda3\Lib\site-packages\rest_framework\serializers.py", line 210, in save
    self.instance = self.create(validated_data)
                    ~~~~~~~~~~~^^^^^^^^^^^^^^^^
  File "C:\Users\Hamza\miniconda3\Lib\site-packages\rest_framework\serializers.py", line 991, in create
    instance = ModelClass._default_manager.create(**validated_data)
  File "C:\Users\Hamza\miniconda3\Lib\site-packages\django\db\models\manager.py", line 87, in manager_method
    return getattr(self.get_queryset(), name)(*args, **kwargs)
           ~~~~~~~~~~~~~~~~~~~~~~~~~~~~~~~~~~^^^^^^^^^^^^^^^^^
  File "C:\Users\Hamza\miniconda3\Lib\site-packages\django\db\models\query.py", line 663, in create
    obj.save(force_insert=True, using=self.db)
    ~~~~~~~~^^^^^^^^^^^^^^^^^^^^^^^^^^^^^^^^^^
  File "C:\Users\Hamza\miniconda3\Lib\site-packages\django\db\models\base.py", line 902, in save
    self.save_base(
    ~~~~~~~~~~~~~~^
        using=using,
        ^^^^^^^^^^^^
    ...<2 lines>...
        update_fields=update_fields,
        ^^^^^^^^^^^^^^^^^^^^^^^^^^^^
    )
    ^
  File "C:\Users\Hamza\miniconda3\Lib\site-packages\django\db\models\base.py", line 1008, in save_base
    updated = self._save_table(
        raw,
    ...<4 lines>...
        update_fields,
    )
  File "C:\Users\Hamza\miniconda3\Lib\site-packages\django\db\models\base.py", line 1169, in _save_table
    results = self._do_insert(
        cls._base_manager, using, fields, returning_fields, raw
    )
  File "C:\Users\Hamza\miniconda3\Lib\site-packages\django\db\models\base.py", line 1210, in _do_insert
    return manager._insert(
           ~~~~~~~~~~~~~~~^
        [self],
        ^^^^^^^
    ...<3 lines>...
        raw=raw,
        ^^^^^^^^
    )
    ^
  File "C:\Users\Hamza\miniconda3\Lib\site-packages\django\db\models\manager.py", line 87, in manager_method
    return getattr(self.get_queryset(), name)(*args, **kwargs)
           ~~~~~~~~~~~~~~~~~~~~~~~~~~~~~~~~~~^^^^^^^^^^^^^^^^^
  File "C:\Users\Hamza\miniconda3\Lib\site-packages\django\db\models\query.py", line 1868, in _insert
    return query.get_compiler(using=using).execute_sql(returning_fields)
           ~~~~~~~~~~~~~~~~~~~~~~~~~~~~~~~~~~~~~~~~~~~^^^^^^^^^^^^^^^^^^
  File "C:\Users\Hamza\miniconda3\Lib\site-packages\django\db\models\sql\compiler.py", line 1882, in execute_sql
    cursor.execute(sql, params)
    ~~~~~~~~~~~~~~^^^^^^^^^^^^^
  File "C:\Users\Hamza\miniconda3\Lib\site-packages\django\db\backends\utils.py", line 122, in execute
    return super().execute(sql, params)
           ~~~~~~~~~~~~~~~^^^^^^^^^^^^^
  File "C:\Users\Hamza\miniconda3\Lib\site-packages\django\db\backends\utils.py", line 79, in execute
    return self._execute_with_wrappers(
           ~~~~~~~~~~~~~~~~~~~~~~~~~~~^
        sql, params, many=False, executor=self._execute
        ^^^^^^^^^^^^^^^^^^^^^^^^^^^^^^^^^^^^^^^^^^^^^^^
    )
    ^
  File "C:\Users\Hamza\miniconda3\Lib\site-packages\django\db\backends\utils.py", line 92, in _execute_with_wrappers
    return executor(sql, params, many, context)
  File "C:\Users\Hamza\miniconda3\Lib\site-packages\django\db\backends\utils.py", line 100, in _execute
    with self.db.wrap_database_errors:
         ^^^^^^^^^^^^^^^^^^^^^^^^^^^^
  File "C:\Users\Hamza\miniconda3\Lib\site-packages\django\db\utils.py", line 91, in __exit__
    raise dj_exc_value.with_traceback(traceback) from exc_value
  File "C:\Users\Hamza\miniconda3\Lib\site-packages\django\db\backends\utils.py", line 105, in _execute
    return self.cursor.execute(sql, params)
           ~~~~~~~~~~~~~~~~~~~^^^^^^^^^^^^^
django.db.utils.IntegrityError: null value in column "partner_id" of relation "applicants" violates not-null constraint
DETAIL:  Failing row contains (1, Hamza Mirza, M, 2002-06-19, single, +923214004389, hamza123ahmed123mirza@gmail.com, , 2332233232, null, null, , Pakistan, , Business Registration, null, null, new, , {"position": "CEO", "company_name": "Terasols"}, 2026-02-05 18:54:35.033754+00, 2026-02-05 18:54:35.033831+00, null).

2026-02-05 23:54:49,765 ERROR django.request Internal Server Error: /api/applicants/
Traceback (most recent call last):
  File "C:\Users\Hamza\miniconda3\Lib\site-packages\django\db\backends\utils.py", line 105, in _execute
    return self.cursor.execute(sql, params)
           ~~~~~~~~~~~~~~~~~~~^^^^^^^^^^^^^
psycopg2.errors.NotNullViolation: null value in column "partner_id" of relation "applicants" violates not-null constraint
DETAIL:  Failing row contains (2, Hamza Mirza, M, 2002-06-19, single, +923214004389, hamza123ahmed123mirza@gmail.com, , 2332233232, null, null, , Pakistan, , Business Registration, null, null, new, , {"position": "CEO", "company_name": "Terasols"}, 2026-02-05 18:54:49.687551+00, 2026-02-05 18:54:49.687563+00, null).


The above exception was the direct cause of the following exception:

Traceback (most recent call last):
  File "C:\Users\Hamza\miniconda3\Lib\site-packages\django\core\handlers\exception.py", line 55, in inner
    response = get_response(request)
  File "C:\Users\Hamza\miniconda3\Lib\site-packages\django\core\handlers\base.py", line 197, in _get_response
    response = wrapped_callback(request, *callback_args, **callback_kwargs)
  File "C:\Users\Hamza\miniconda3\Lib\site-packages\django\views\decorators\csrf.py", line 65, in _view_wrapper
    return view_func(request, *args, **kwargs)
  File "C:\Users\Hamza\miniconda3\Lib\site-packages\rest_framework\viewsets.py", line 125, in view
    return self.dispatch(request, *args, **kwargs)
           ~~~~~~~~~~~~~^^^^^^^^^^^^^^^^^^^^^^^^^^
  File "C:\Users\Hamza\miniconda3\Lib\site-packages\rest_framework\views.py", line 515, in dispatch
    response = self.handle_exception(exc)
  File "C:\Users\Hamza\miniconda3\Lib\site-packages\rest_framework\views.py", line 475, in handle_exception
    self.raise_uncaught_exception(exc)
    ~~~~~~~~~~~~~~~~~~~~~~~~~~~~~^^^^^
  File "C:\Users\Hamza\miniconda3\Lib\site-packages\rest_framework\views.py", line 486, in raise_uncaught_exception
    raise exc
  File "C:\Users\Hamza\miniconda3\Lib\site-packages\rest_framework\views.py", line 512, in dispatch
    response = handler(request, *args, **kwargs)
  File "C:\Users\Hamza\miniconda3\Lib\site-packages\rest_framework\mixins.py", line 19, in create
    self.perform_create(serializer)
    ~~~~~~~~~~~~~~~~~~~^^^^^^^^^^^^
  File "C:\Users\Hamza\Downloads\hainan-builder-portal\code\hainan-builder-portal\backend\applicants\views.py", line 72, in perform_create
    serializer.save()
    ~~~~~~~~~~~~~~~^^
  File "C:\Users\Hamza\miniconda3\Lib\site-packages\rest_framework\serializers.py", line 210, in save
    self.instance = self.create(validated_data)
                    ~~~~~~~~~~~^^^^^^^^^^^^^^^^
  File "C:\Users\Hamza\miniconda3\Lib\site-packages\rest_framework\serializers.py", line 991, in create
    instance = ModelClass._default_manager.create(**validated_data)
  File "C:\Users\Hamza\miniconda3\Lib\site-packages\django\db\models\manager.py", line 87, in manager_method
    return getattr(self.get_queryset(), name)(*args, **kwargs)
           ~~~~~~~~~~~~~~~~~~~~~~~~~~~~~~~~~~^^^^^^^^^^^^^^^^^
  File "C:\Users\Hamza\miniconda3\Lib\site-packages\django\db\models\query.py", line 663, in create
    obj.save(force_insert=True, using=self.db)
    ~~~~~~~~^^^^^^^^^^^^^^^^^^^^^^^^^^^^^^^^^^
  File "C:\Users\Hamza\miniconda3\Lib\site-packages\django\db\models\base.py", line 902, in save
    self.save_base(
    ~~~~~~~~~~~~~~^
        using=using,
        ^^^^^^^^^^^^
    ...<2 lines>...
        update_fields=update_fields,
        ^^^^^^^^^^^^^^^^^^^^^^^^^^^^
    )
    ^
  File "C:\Users\Hamza\miniconda3\Lib\site-packages\django\db\models\base.py", line 1008, in save_base
    updated = self._save_table(
        raw,
    ...<4 lines>...
        update_fields,
    )
  File "C:\Users\Hamza\miniconda3\Lib\site-packages\django\db\models\base.py", line 1169, in _save_table
    results = self._do_insert(
        cls._base_manager, using, fields, returning_fields, raw
    )
  File "C:\Users\Hamza\miniconda3\Lib\site-packages\django\db\models\base.py", line 1210, in _do_insert
    return manager._insert(
           ~~~~~~~~~~~~~~~^
        [self],
        ^^^^^^^
    ...<3 lines>...
        raw=raw,
        ^^^^^^^^
    )
    ^
  File "C:\Users\Hamza\miniconda3\Lib\site-packages\django\db\models\manager.py", line 87, in manager_method
    return getattr(self.get_queryset(), name)(*args, **kwargs)
           ~~~~~~~~~~~~~~~~~~~~~~~~~~~~~~~~~~^^^^^^^^^^^^^^^^^
  File "C:\Users\Hamza\miniconda3\Lib\site-packages\django\db\models\query.py", line 1868, in _insert
    return query.get_compiler(using=using).execute_sql(returning_fields)
           ~~~~~~~~~~~~~~~~~~~~~~~~~~~~~~~~~~~~~~~~~~~^^^^^^^^^^^^^^^^^^
  File "C:\Users\Hamza\miniconda3\Lib\site-packages\django\db\models\sql\compiler.py", line 1882, in execute_sql
    cursor.execute(sql, params)
    ~~~~~~~~~~~~~~^^^^^^^^^^^^^
  File "C:\Users\Hamza\miniconda3\Lib\site-packages\django\db\backends\utils.py", line 122, in execute
    return super().execute(sql, params)
           ~~~~~~~~~~~~~~~^^^^^^^^^^^^^
  File "C:\Users\Hamza\miniconda3\Lib\site-packages\django\db\backends\utils.py", line 79, in execute
    return self._execute_with_wrappers(
           ~~~~~~~~~~~~~~~~~~~~~~~~~~~^
        sql, params, many=False, executor=self._execute
        ^^^^^^^^^^^^^^^^^^^^^^^^^^^^^^^^^^^^^^^^^^^^^^^
    )
    ^
  File "C:\Users\Hamza\miniconda3\Lib\site-packages\django\db\backends\utils.py", line 92, in _execute_with_wrappers
    return executor(sql, params, many, context)
  File "C:\Users\Hamza\miniconda3\Lib\site-packages\django\db\backends\utils.py", line 100, in _execute
    with self.db.wrap_database_errors:
         ^^^^^^^^^^^^^^^^^^^^^^^^^^^^
  File "C:\Users\Hamza\miniconda3\Lib\site-packages\django\db\utils.py", line 91, in __exit__
    raise dj_exc_value.with_traceback(traceback) from exc_value
  File "C:\Users\Hamza\miniconda3\Lib\site-packages\django\db\backends\utils.py", line 105, in _execute
    return self.cursor.execute(sql, params)
           ~~~~~~~~~~~~~~~~~~~^^^^^^^^^^^^^
django.db.utils.IntegrityError: null value in column "partner_id" of relation "applicants" violates not-null constraint
DETAIL:  Failing row contains (2, Hamza Mirza, M, 2002-06-19, single, +923214004389, hamza123ahmed123mirza@gmail.com, , 2332233232, null, null, , Pakistan, , Business Registration, null, null, new, , {"position": "CEO", "company_name": "Terasols"}, 2026-02-05 18:54:49.687551+00, 2026-02-05 18:54:49.687563+00, null).

2026-02-06 00:02:26,250 WARNING django.request Bad Request: /api/applicants/
2026-02-06 00:02:43,488 WARNING django.request Bad Request: /api/applicants/
2026-02-06 00:02:58,802 WARNING django.request Bad Request: /api/applicants/
2026-02-06 00:04:38,706 WARNING django.request Bad Request: /api/applicants/
2026-02-06 00:04:54,048 WARNING django.request Bad Request: /api/applicants/
2026-02-06 00:10:53,686 ERROR django.request Internal Server Error: /api/applicants/
Traceback (most recent call last):
  File "C:\Users\Hamza\miniconda3\Lib\site-packages\django\db\backends\utils.py", line 105, in _execute
    return self.cursor.execute(sql, params)
           ~~~~~~~~~~~~~~~~~~~^^^^^^^^^^^^^
psycopg2.errors.NotNullViolation: null value in column "partner_id" of relation "applicants" violates not-null constraint
DETAIL:  Failing row contains (3, Hamza Mirza, M, null, single, +923214004389, hamza123ahmed123mirza@gmail.com, , 2332233232, null, null, , , UAE, Tourist, 2026-02-12, null, new, , {"Father Name": "Iftikhar Mirza"}, 2026-02-05 19:10:53.539509+00, 2026-02-05 19:10:53.539547+00, null).


The above exception was the direct cause of the following exception:

Traceback (most recent call last):
  File "C:\Users\Hamza\miniconda3\Lib\site-packages\django\core\handlers\exception.py", line 55, in inner
    response = get_response(request)
  File "C:\Users\Hamza\miniconda3\Lib\site-packages\django\core\handlers\base.py", line 197, in _get_response
    response = wrapped_callback(request, *callback_args, **callback_kwargs)
  File "C:\Users\Hamza\miniconda3\Lib\site-packages\django\views\decorators\csrf.py", line 65, in _view_wrapper
    return view_func(request, *args, **kwargs)
  File "C:\Users\Hamza\miniconda3\Lib\site-packages\rest_framework\viewsets.py", line 125, in view
    return self.dispatch(request, *args, **kwargs)
           ~~~~~~~~~~~~~^^^^^^^^^^^^^^^^^^^^^^^^^^
  File "C:\Users\Hamza\miniconda3\Lib\site-packages\rest_framework\views.py", line 515, in dispatch
    response = self.handle_exception(exc)
  File "C:\Users\Hamza\miniconda3\Lib\site-packages\rest_framework\views.py", line 475, in handle_exception
    self.raise_uncaught_exception(exc)
    ~~~~~~~~~~~~~~~~~~~~~~~~~~~~~^^^^^
  File "C:\Users\Hamza\miniconda3\Lib\site-packages\rest_framework\views.py", line 486, in raise_uncaught_exception
    raise exc
  File "C:\Users\Hamza\miniconda3\Lib\site-packages\rest_framework\views.py", line 512, in dispatch
    response = handler(request, *args, **kwargs)
  File "C:\Users\Hamza\miniconda3\Lib\site-packages\rest_framework\mixins.py", line 19, in create
    self.perform_create(serializer)
    ~~~~~~~~~~~~~~~~~~~^^^^^^^^^^^^
  File "C:\Users\Hamza\Downloads\hainan-builder-portal\code\hainan-builder-portal\backend\applicants\views.py", line 72, in perform_create
    serializer.save()
    ~~~~~~~~~~~~~~~^^
  File "C:\Users\Hamza\miniconda3\Lib\site-packages\rest_framework\serializers.py", line 210, in save
    self.instance = self.create(validated_data)
                    ~~~~~~~~~~~^^^^^^^^^^^^^^^^
  File "C:\Users\Hamza\miniconda3\Lib\site-packages\rest_framework\serializers.py", line 991, in create
    instance = ModelClass._default_manager.create(**validated_data)
  File "C:\Users\Hamza\miniconda3\Lib\site-packages\django\db\models\manager.py", line 87, in manager_method
    return getattr(self.get_queryset(), name)(*args, **kwargs)
           ~~~~~~~~~~~~~~~~~~~~~~~~~~~~~~~~~~^^^^^^^^^^^^^^^^^
  File "C:\Users\Hamza\miniconda3\Lib\site-packages\django\db\models\query.py", line 663, in create
    obj.save(force_insert=True, using=self.db)
    ~~~~~~~~^^^^^^^^^^^^^^^^^^^^^^^^^^^^^^^^^^
  File "C:\Users\Hamza\miniconda3\Lib\site-packages\django\db\models\base.py", line 902, in save
    self.save_base(
    ~~~~~~~~~~~~~~^
        using=using,
        ^^^^^^^^^^^^
    ...<2 lines>...
        update_fields=update_fields,
        ^^^^^^^^^^^^^^^^^^^^^^^^^^^^
    )
    ^
  File "C:\Users\Hamza\miniconda3\Lib\site-packages\django\db\models\base.py", line 1008, in save_base
    updated = self._save_table(
        raw,
    ...<4 lines>...
        update_fields,
    )
  File "C:\Users\Hamza\miniconda3\Lib\site-packages\django\db\models\base.py", line 1169, in _save_table
    results = self._do_insert(
        cls._base_manager, using, fields, returning_fields, raw
    )
  File "C:\Users\Hamza\miniconda3\Lib\site-packages\django\db\models\base.py", line 1210, in _do_insert
    return manager._insert(
           ~~~~~~~~~~~~~~~^
        [self],
        ^^^^^^^
    ...<3 lines>...
        raw=raw,
        ^^^^^^^^
    )
    ^
  File "C:\Users\Hamza\miniconda3\Lib\site-packages\django\db\models\manager.py", line 87, in manager_method
    return getattr(self.get_queryset(), name)(*args, **kwargs)
           ~~~~~~~~~~~~~~~~~~~~~~~~~~~~~~~~~~^^^^^^^^^^^^^^^^^
  File "C:\Users\Hamza\miniconda3\Lib\site-packages\django\db\models\query.py", line 1868, in _insert
    return query.get_compiler(using=using).execute_sql(returning_fields)
           ~~~~~~~~~~~~~~~~~~~~~~~~~~~~~~~~~~~~~~~~~~~^^^^^^^^^^^^^^^^^^
  File "C:\Users\Hamza\miniconda3\Lib\site-packages\django\db\models\sql\compiler.py", line 1882, in execute_sql
    cursor.execute(sql, params)
    ~~~~~~~~~~~~~~^^^^^^^^^^^^^
  File "C:\Users\Hamza\miniconda3\Lib\site-packages\django\db\backends\utils.py", line 122, in execute
    return super().execute(sql, params)
           ~~~~~~~~~~~~~~~^^^^^^^^^^^^^
  File "C:\Users\Hamza\miniconda3\Lib\site-packages\django\db\backends\utils.py", line 79, in execute
    return self._execute_with_wrappers(
           ~~~~~~~~~~~~~~~~~~~~~~~~~~~^
        sql, params, many=False, executor=self._execute
        ^^^^^^^^^^^^^^^^^^^^^^^^^^^^^^^^^^^^^^^^^^^^^^^
    )
    ^
  File "C:\Users\Hamza\miniconda3\Lib\site-packages\django\db\backends\utils.py", line 92, in _execute_with_wrappers
    return executor(sql, params, many, context)
  File "C:\Users\Hamza\miniconda3\Lib\site-packages\django\db\backends\utils.py", line 100, in _execute
    with self.db.wrap_database_errors:
         ^^^^^^^^^^^^^^^^^^^^^^^^^^^^
  File "C:\Users\Hamza\miniconda3\Lib\site-packages\django\db\utils.py", line 91, in __exit__
    raise dj_exc_value.with_traceback(traceback) from exc_value
  File "C:\Users\Hamza\miniconda3\Lib\site-packages\django\db\backends\utils.py", line 105, in _execute
    return self.cursor.execute(sql, params)
           ~~~~~~~~~~~~~~~~~~~^^^^^^^^^^^^^
django.db.utils.IntegrityError: null value in column "partner_id" of relation "applicants" violates not-null constraint
DETAIL:  Failing row contains (3, Hamza Mirza, M, null, single, +923214004389, hamza123ahmed123mirza@gmail.com, , 2332233232, null, null, , , UAE, Tourist, 2026-02-12, null, new, , {"Father Name": "Iftikhar Mirza"}, 2026-02-05 19:10:53.539509+00, 2026-02-05 19:10:53.539547+00, null).

2026-02-06 10:38:12,057 INFO axes.apps AXES: BEGIN version 8.1.0, blocking by combination of username and ip_address
2026-02-06 10:38:14,765 INFO axes.apps AXES: BEGIN version 8.1.0, blocking by combination of username and ip_address
2026-02-06 10:38:14,808 INFO django.utils.autoreload Watching for file changes with StatReloader
2026-02-06 10:40:34,353 WARNING django.request Unauthorized: /api/auth/me/
2026-02-06 10:40:34,359 WARNING django.request Unauthorized: /api/auth/me/
2026-02-06 10:41:56,862 ERROR django.request Internal Server Error: /api/applicants/
Traceback (most recent call last):
  File "C:\Users\Hamza\miniconda3\Lib\site-packages\django\db\backends\utils.py", line 105, in _execute
    return self.cursor.execute(sql, params)
           ~~~~~~~~~~~~~~~~~~~^^^^^^^^^^^^^
psycopg2.errors.NotNullViolation: null value in column "partner_id" of relation "applicants" violates not-null constraint
DETAIL:  Failing row contains (4, Hamza Mirza, M, 2002-06-19, single, +923214004389, hamza123ahmed123mirza@gmail.com, , 2332233232, null, null, , Pakistan, , Business Registration, null, null, new, , {"position": "CEO", "company_name": "Terasols"}, 2026-02-06 05:41:56.764352+00, 2026-02-06 05:41:56.764363+00, null).


The above exception was the direct cause of the following exception:

Traceback (most recent call last):
  File "C:\Users\Hamza\miniconda3\Lib\site-packages\django\core\handlers\exception.py", line 55, in inner
    response = get_response(request)
  File "C:\Users\Hamza\miniconda3\Lib\site-packages\django\core\handlers\base.py", line 197, in _get_response
    response = wrapped_callback(request, *callback_args, **callback_kwargs)
  File "C:\Users\Hamza\miniconda3\Lib\site-packages\django\views\decorators\csrf.py", line 65, in _view_wrapper
    return view_func(request, *args, **kwargs)
  File "C:\Users\Hamza\miniconda3\Lib\site-packages\rest_framework\viewsets.py", line 125, in view
    return self.dispatch(request, *args, **kwargs)
           ~~~~~~~~~~~~~^^^^^^^^^^^^^^^^^^^^^^^^^^
  File "C:\Users\Hamza\miniconda3\Lib\site-packages\rest_framework\views.py", line 515, in dispatch
    response = self.handle_exception(exc)
  File "C:\Users\Hamza\miniconda3\Lib\site-packages\rest_framework\views.py", line 475, in handle_exception
    self.raise_uncaught_exception(exc)
    ~~~~~~~~~~~~~~~~~~~~~~~~~~~~~^^^^^
  File "C:\Users\Hamza\miniconda3\Lib\site-packages\rest_framework\views.py", line 486, in raise_uncaught_exception
    raise exc
  File "C:\Users\Hamza\miniconda3\Lib\site-packages\rest_framework\views.py", line 512, in dispatch
    response = handler(request, *args, **kwargs)
  File "C:\Users\Hamza\miniconda3\Lib\site-packages\rest_framework\mixins.py", line 19, in create
    self.perform_create(serializer)
    ~~~~~~~~~~~~~~~~~~~^^^^^^^^^^^^
  File "C:\Users\Hamza\Downloads\hainan-builder-portal\code\hainan-builder-portal\backend\applicants\views.py", line 72, in perform_create
    serializer.save()
    ~~~~~~~~~~~~~~~^^
  File "C:\Users\Hamza\miniconda3\Lib\site-packages\rest_framework\serializers.py", line 210, in save
    self.instance = self.create(validated_data)
                    ~~~~~~~~~~~^^^^^^^^^^^^^^^^
  File "C:\Users\Hamza\miniconda3\Lib\site-packages\rest_framework\serializers.py", line 991, in create
    instance = ModelClass._default_manager.create(**validated_data)
  File "C:\Users\Hamza\miniconda3\Lib\site-packages\django\db\models\manager.py", line 87, in manager_method
    return getattr(self.get_queryset(), name)(*args, **kwargs)
           ~~~~~~~~~~~~~~~~~~~~~~~~~~~~~~~~~~^^^^^^^^^^^^^^^^^
  File "C:\Users\Hamza\miniconda3\Lib\site-packages\django\db\models\query.py", line 663, in create
    obj.save(force_insert=True, using=self.db)
    ~~~~~~~~^^^^^^^^^^^^^^^^^^^^^^^^^^^^^^^^^^
  File "C:\Users\Hamza\miniconda3\Lib\site-packages\django\db\models\base.py", line 902, in save
    self.save_base(
    ~~~~~~~~~~~~~~^
        using=using,
        ^^^^^^^^^^^^
    ...<2 lines>...
        update_fields=update_fields,
        ^^^^^^^^^^^^^^^^^^^^^^^^^^^^
    )
    ^
  File "C:\Users\Hamza\miniconda3\Lib\site-packages\django\db\models\base.py", line 1008, in save_base
    updated = self._save_table(
        raw,
    ...<4 lines>...
        update_fields,
    )
  File "C:\Users\Hamza\miniconda3\Lib\site-packages\django\db\models\base.py", line 1169, in _save_table
    results = self._do_insert(
        cls._base_manager, using, fields, returning_fields, raw
    )
  File "C:\Users\Hamza\miniconda3\Lib\site-packages\django\db\models\base.py", line 1210, in _do_insert
    return manager._insert(
           ~~~~~~~~~~~~~~~^
        [self],
        ^^^^^^^
    ...<3 lines>...
        raw=raw,
        ^^^^^^^^
    )
    ^
  File "C:\Users\Hamza\miniconda3\Lib\site-packages\django\db\models\manager.py", line 87, in manager_method
    return getattr(self.get_queryset(), name)(*args, **kwargs)
           ~~~~~~~~~~~~~~~~~~~~~~~~~~~~~~~~~~^^^^^^^^^^^^^^^^^
  File "C:\Users\Hamza\miniconda3\Lib\site-packages\django\db\models\query.py", line 1868, in _insert
    return query.get_compiler(using=using).execute_sql(returning_fields)
           ~~~~~~~~~~~~~~~~~~~~~~~~~~~~~~~~~~~~~~~~~~~^^^^^^^^^^^^^^^^^^
  File "C:\Users\Hamza\miniconda3\Lib\site-packages\django\db\models\sql\compiler.py", line 1882, in execute_sql
    cursor.execute(sql, params)
    ~~~~~~~~~~~~~~^^^^^^^^^^^^^
  File "C:\Users\Hamza\miniconda3\Lib\site-packages\django\db\backends\utils.py", line 122, in execute
    return super().execute(sql, params)
           ~~~~~~~~~~~~~~~^^^^^^^^^^^^^
  File "C:\Users\Hamza\miniconda3\Lib\site-packages\django\db\backends\utils.py", line 79, in execute
    return self._execute_with_wrappers(
           ~~~~~~~~~~~~~~~~~~~~~~~~~~~^
        sql, params, many=False, executor=self._execute
        ^^^^^^^^^^^^^^^^^^^^^^^^^^^^^^^^^^^^^^^^^^^^^^^
    )
    ^
  File "C:\Users\Hamza\miniconda3\Lib\site-packages\django\db\backends\utils.py", line 92, in _execute_with_wrappers
    return executor(sql, params, many, context)
  File "C:\Users\Hamza\miniconda3\Lib\site-packages\django\db\backends\utils.py", line 100, in _execute
    with self.db.wrap_database_errors:
         ^^^^^^^^^^^^^^^^^^^^^^^^^^^^
  File "C:\Users\Hamza\miniconda3\Lib\site-packages\django\db\utils.py", line 91, in __exit__
    raise dj_exc_value.with_traceback(traceback) from exc_value
  File "C:\Users\Hamza\miniconda3\Lib\site-packages\django\db\backends\utils.py", line 105, in _execute
    return self.cursor.execute(sql, params)
           ~~~~~~~~~~~~~~~~~~~^^^^^^^^^^^^^
django.db.utils.IntegrityError: null value in column "partner_id" of relation "applicants" violates not-null constraint
DETAIL:  Failing row contains (4, Hamza Mirza, M, 2002-06-19, single, +923214004389, hamza123ahmed123mirza@gmail.com, , 2332233232, null, null, , Pakistan, , Business Registration, null, null, new, , {"position": "CEO", "company_name": "Terasols"}, 2026-02-06 05:41:56.764352+00, 2026-02-06 05:41:56.764363+00, null).

2026-02-06 11:05:30,755 INFO axes.apps AXES: BEGIN version 8.1.0, blocking by combination of username and ip_address
2026-02-06 11:05:32,077 INFO axes.apps AXES: BEGIN version 8.1.0, blocking by combination of username and ip_address
2026-02-06 11:05:32,101 INFO django.utils.autoreload Watching for file changes with StatReloader
2026-02-06 11:06:36,153 ERROR django.request Internal Server Error: /api/applicants/
Traceback (most recent call last):
  File "C:\Users\Hamza\miniconda3\Lib\site-packages\django\db\backends\utils.py", line 105, in _execute
    return self.cursor.execute(sql, params)
           ~~~~~~~~~~~~~~~~~~~^^^^^^^^^^^^^
psycopg2.errors.NotNullViolation: null value in column "partner_id" of relation "applicants" violates not-null constraint
DETAIL:  Failing row contains (5, Hamza Mirza, M, 2002-06-19, single, +923214004389, hamza123ahmed123mirza@gmail.com, , 2332233232, 2026-02-19, null, , Pakistan, UAE, Business Registration, 2026-02-27, null, new, , {"Father Name": "Iftikhar Mirza"}, 2026-02-06 06:06:36.005068+00, 2026-02-06 06:06:36.005333+00, null).


The above exception was the direct cause of the following exception:

Traceback (most recent call last):
  File "C:\Users\Hamza\miniconda3\Lib\site-packages\django\core\handlers\exception.py", line 55, in inner
    response = get_response(request)
  File "C:\Users\Hamza\miniconda3\Lib\site-packages\django\core\handlers\base.py", line 197, in _get_response
    response = wrapped_callback(request, *callback_args, **callback_kwargs)
  File "C:\Users\Hamza\miniconda3\Lib\site-packages\django\views\decorators\csrf.py", line 65, in _view_wrapper
    return view_func(request, *args, **kwargs)
  File "C:\Users\Hamza\miniconda3\Lib\site-packages\rest_framework\viewsets.py", line 125, in view
    return self.dispatch(request, *args, **kwargs)
           ~~~~~~~~~~~~~^^^^^^^^^^^^^^^^^^^^^^^^^^
  File "C:\Users\Hamza\miniconda3\Lib\site-packages\rest_framework\views.py", line 515, in dispatch
    response = self.handle_exception(exc)
  File "C:\Users\Hamza\miniconda3\Lib\site-packages\rest_framework\views.py", line 475, in handle_exception
    self.raise_uncaught_exception(exc)
    ~~~~~~~~~~~~~~~~~~~~~~~~~~~~~^^^^^
  File "C:\Users\Hamza\miniconda3\Lib\site-packages\rest_framework\views.py", line 486, in raise_uncaught_exception
    raise exc
  File "C:\Users\Hamza\miniconda3\Lib\site-packages\rest_framework\views.py", line 512, in dispatch
    response = handler(request, *args, **kwargs)
  File "C:\Users\Hamza\miniconda3\Lib\site-packages\rest_framework\mixins.py", line 19, in create
    self.perform_create(serializer)
    ~~~~~~~~~~~~~~~~~~~^^^^^^^^^^^^
  File "C:\Users\Hamza\Downloads\hainan-builder-portal\code\hainan-builder-portal\backend\applicants\views.py", line 72, in perform_create
    serializer.save()
    ~~~~~~~~~~~~~~~^^
  File "C:\Users\Hamza\miniconda3\Lib\site-packages\rest_framework\serializers.py", line 210, in save
    self.instance = self.create(validated_data)
                    ~~~~~~~~~~~^^^^^^^^^^^^^^^^
  File "C:\Users\Hamza\miniconda3\Lib\site-packages\rest_framework\serializers.py", line 991, in create
    instance = ModelClass._default_manager.create(**validated_data)
  File "C:\Users\Hamza\miniconda3\Lib\site-packages\django\db\models\manager.py", line 87, in manager_method
    return getattr(self.get_queryset(), name)(*args, **kwargs)
           ~~~~~~~~~~~~~~~~~~~~~~~~~~~~~~~~~~^^^^^^^^^^^^^^^^^
  File "C:\Users\Hamza\miniconda3\Lib\site-packages\django\db\models\query.py", line 663, in create
    obj.save(force_insert=True, using=self.db)
    ~~~~~~~~^^^^^^^^^^^^^^^^^^^^^^^^^^^^^^^^^^
  File "C:\Users\Hamza\miniconda3\Lib\site-packages\django\db\models\base.py", line 902, in save
    self.save_base(
    ~~~~~~~~~~~~~~^
        using=using,
        ^^^^^^^^^^^^
    ...<2 lines>...
        update_fields=update_fields,
        ^^^^^^^^^^^^^^^^^^^^^^^^^^^^
    )
    ^
  File "C:\Users\Hamza\miniconda3\Lib\site-packages\django\db\models\base.py", line 1008, in save_base
    updated = self._save_table(
        raw,
    ...<4 lines>...
        update_fields,
    )
  File "C:\Users\Hamza\miniconda3\Lib\site-packages\django\db\models\base.py", line 1169, in _save_table
    results = self._do_insert(
        cls._base_manager, using, fields, returning_fields, raw
    )
  File "C:\Users\Hamza\miniconda3\Lib\site-packages\django\db\models\base.py", line 1210, in _do_insert
    return manager._insert(
           ~~~~~~~~~~~~~~~^
        [self],
        ^^^^^^^
    ...<3 lines>...
        raw=raw,
        ^^^^^^^^
    )
    ^
  File "C:\Users\Hamza\miniconda3\Lib\site-packages\django\db\models\manager.py", line 87, in manager_method
    return getattr(self.get_queryset(), name)(*args, **kwargs)
           ~~~~~~~~~~~~~~~~~~~~~~~~~~~~~~~~~~^^^^^^^^^^^^^^^^^
  File "C:\Users\Hamza\miniconda3\Lib\site-packages\django\db\models\query.py", line 1868, in _insert
    return query.get_compiler(using=using).execute_sql(returning_fields)
           ~~~~~~~~~~~~~~~~~~~~~~~~~~~~~~~~~~~~~~~~~~~^^^^^^^^^^^^^^^^^^
  File "C:\Users\Hamza\miniconda3\Lib\site-packages\django\db\models\sql\compiler.py", line 1882, in execute_sql
    cursor.execute(sql, params)
    ~~~~~~~~~~~~~~^^^^^^^^^^^^^
  File "C:\Users\Hamza\miniconda3\Lib\site-packages\django\db\backends\utils.py", line 122, in execute
    return super().execute(sql, params)
           ~~~~~~~~~~~~~~~^^^^^^^^^^^^^
  File "C:\Users\Hamza\miniconda3\Lib\site-packages\django\db\backends\utils.py", line 79, in execute
    return self._execute_with_wrappers(
           ~~~~~~~~~~~~~~~~~~~~~~~~~~~^
        sql, params, many=False, executor=self._execute
        ^^^^^^^^^^^^^^^^^^^^^^^^^^^^^^^^^^^^^^^^^^^^^^^
    )
    ^
  File "C:\Users\Hamza\miniconda3\Lib\site-packages\django\db\backends\utils.py", line 92, in _execute_with_wrappers
    return executor(sql, params, many, context)
  File "C:\Users\Hamza\miniconda3\Lib\site-packages\django\db\backends\utils.py", line 100, in _execute
    with self.db.wrap_database_errors:
         ^^^^^^^^^^^^^^^^^^^^^^^^^^^^
  File "C:\Users\Hamza\miniconda3\Lib\site-packages\django\db\utils.py", line 91, in __exit__
    raise dj_exc_value.with_traceback(traceback) from exc_value
  File "C:\Users\Hamza\miniconda3\Lib\site-packages\django\db\backends\utils.py", line 105, in _execute
    return self.cursor.execute(sql, params)
           ~~~~~~~~~~~~~~~~~~~^^^^^^^^^^^^^
django.db.utils.IntegrityError: null value in column "partner_id" of relation "applicants" violates not-null constraint
DETAIL:  Failing row contains (5, Hamza Mirza, M, 2002-06-19, single, +923214004389, hamza123ahmed123mirza@gmail.com, , 2332233232, 2026-02-19, null, , Pakistan, UAE, Business Registration, 2026-02-27, null, new, , {"Father Name": "Iftikhar Mirza"}, 2026-02-06 06:06:36.005068+00, 2026-02-06 06:06:36.005333+00, null).

2026-02-06 11:15:55,470 WARNING django.request Not Found: /favicon.ico
2026-02-06 11:17:15,204 INFO axes.apps AXES: BEGIN version 8.1.0, blocking by combination of username and ip_address
2026-02-06 11:23:05,866 INFO axes.apps AXES: BEGIN version 8.1.0, blocking by combination of username and ip_address
2026-02-06 11:23:07,645 INFO axes.apps AXES: BEGIN version 8.1.0, blocking by combination of username and ip_address
2026-02-06 11:23:07,663 INFO django.utils.autoreload Watching for file changes with StatReloader
2026-02-06 11:24:29,970 INFO django.utils.autoreload C:\Users\Hamza\Downloads\hainan-builder-portal\code\hainan-builder-portal\backend\applicants\views.py changed, reloading.
2026-02-06 11:24:32,985 INFO axes.apps AXES: BEGIN version 8.1.0, blocking by combination of username and ip_address
2026-02-06 11:24:33,033 INFO django.utils.autoreload Watching for file changes with StatReloader
2026-02-06 11:44:05,554 INFO django.utils.autoreload C:\Users\Hamza\Downloads\hainan-builder-portal\code\hainan-builder-portal\backend\config\settings.py changed, reloading.
2026-02-06 11:44:08,265 INFO axes.apps AXES: BEGIN version 8.1.0, blocking by combination of username and ip_address
2026-02-06 11:44:08,290 INFO django.utils.autoreload Watching for file changes with StatReloader
2026-02-06 11:44:11,451 INFO django.utils.autoreload C:\Users\Hamza\Downloads\hainan-builder-portal\code\hainan-builder-portal\backend\config\settings.py changed, reloading.
2026-02-06 11:44:13,310 INFO axes.apps AXES: BEGIN version 8.1.0, blocking by combination of username and ip_address
2026-02-06 11:44:13,330 INFO django.utils.autoreload Watching for file changes with StatReloader
2026-02-06 11:48:15,892 WARNING django.request Unauthorized: /api/auth/me/
2026-02-06 11:48:15,899 WARNING django.request Unauthorized: /api/auth/me/
2026-02-06 12:27:31,565 INFO django.utils.autoreload C:\Users\Hamza\Downloads\hainan-builder-portal\code\hainan-builder-portal\backend\documents\serializers.py changed, reloading.
2026-02-06 12:27:33,673 INFO axes.apps AXES: BEGIN version 8.1.0, blocking by combination of username and ip_address
2026-02-06 12:27:33,698 INFO django.utils.autoreload Watching for file changes with StatReloader
2026-02-06 12:30:15,228 INFO django.utils.autoreload C:\Users\Hamza\Downloads\hainan-builder-portal\code\hainan-builder-portal\backend\documents\serializers.py changed, reloading.
2026-02-06 12:30:16,797 INFO axes.apps AXES: BEGIN version 8.1.0, blocking by combination of username and ip_address
2026-02-06 12:30:16,817 INFO django.utils.autoreload Watching for file changes with StatReloader
2026-02-06 12:38:37,307 WARNING django.request Bad Request: /api/auth/partners/2/
2026-02-06 12:38:45,291 WARNING django.request Bad Request: /api/auth/partners/2/
2026-02-06 12:38:45,770 WARNING django.request Bad Request: /api/auth/partners/2/
2026-02-06 12:38:45,958 WARNING django.request Bad Request: /api/auth/partners/2/
2026-02-06 12:38:46,143 WARNING django.request Bad Request: /api/auth/partners/2/
2026-02-06 12:38:46,335 WARNING django.request Bad Request: /api/auth/partners/2/
2026-02-06 12:38:46,972 WARNING django.request Bad Request: /api/auth/partners/2/
2026-02-06 12:38:47,167 WARNING django.request Bad Request: /api/auth/partners/2/
2026-02-06 12:38:47,357 WARNING django.request Bad Request: /api/auth/partners/2/
2026-02-06 12:44:08,646 INFO django.utils.autoreload C:\Users\Hamza\Downloads\hainan-builder-portal\code\hainan-builder-portal\backend\accounts\views.py changed, reloading.
2026-02-06 12:44:10,779 INFO axes.apps AXES: BEGIN version 8.1.0, blocking by combination of username and ip_address
2026-02-06 12:44:10,807 INFO django.utils.autoreload Watching for file changes with StatReloader
2026-02-06 12:44:23,499 INFO django.utils.autoreload C:\Users\Hamza\Downloads\hainan-builder-portal\code\hainan-builder-portal\backend\accounts\views.py changed, reloading.
2026-02-06 12:44:25,123 INFO axes.apps AXES: BEGIN version 8.1.0, blocking by combination of username and ip_address
2026-02-06 12:44:25,143 INFO django.utils.autoreload Watching for file changes with StatReloader
2026-02-06 12:44:47,192 INFO django.utils.autoreload C:\Users\Hamza\Downloads\hainan-builder-portal\code\hainan-builder-portal\backend\accounts\views.py changed, reloading.
2026-02-06 12:44:48,826 INFO axes.apps AXES: BEGIN version 8.1.0, blocking by combination of username and ip_address
2026-02-06 12:44:48,851 INFO django.utils.autoreload Watching for file changes with StatReloader
2026-02-06 12:44:59,747 INFO django.utils.autoreload C:\Users\Hamza\Downloads\hainan-builder-portal\code\hainan-builder-portal\backend\accounts\views.py changed, reloading.
2026-02-06 12:45:01,389 INFO axes.apps AXES: BEGIN version 8.1.0, blocking by combination of username and ip_address
2026-02-06 12:45:01,417 INFO django.utils.autoreload Watching for file changes with StatReloader
2026-02-06 12:45:05,358 INFO django.utils.autoreload C:\Users\Hamza\Downloads\hainan-builder-portal\code\hainan-builder-portal\backend\accounts\views.py changed, reloading.
2026-02-06 12:45:07,064 INFO axes.apps AXES: BEGIN version 8.1.0, blocking by combination of username and ip_address
2026-02-06 12:45:07,083 INFO django.utils.autoreload Watching for file changes with StatReloader
2026-02-06 12:45:10,258 INFO django.utils.autoreload C:\Users\Hamza\Downloads\hainan-builder-portal\code\hainan-builder-portal\backend\accounts\urls.py changed, reloading.
2026-02-06 12:45:11,631 INFO axes.apps AXES: BEGIN version 8.1.0, blocking by combination of username and ip_address
2026-02-06 12:45:11,651 INFO django.utils.autoreload Watching for file changes with StatReloader
2026-02-06 12:45:26,067 INFO django.utils.autoreload C:\Users\Hamza\Downloads\hainan-builder-portal\code\hainan-builder-portal\backend\accounts\urls.py changed, reloading.
2026-02-06 12:45:29,327 INFO axes.apps AXES: BEGIN version 8.1.0, blocking by combination of username and ip_address
2026-02-06 12:45:29,359 INFO django.utils.autoreload Watching for file changes with StatReloader
2026-02-06 12:53:46,367 WARNING django.request Unauthorized: /api/auth/me/
2026-02-06 12:53:46,373 WARNING django.request Unauthorized: /api/auth/me/
2026-02-06 12:53:46,495 WARNING django.request Unauthorized: /api/auth/token/refresh/
2026-02-06 13:03:59,164 WARNING django.request Unauthorized: /api/applicants/6/
2026-02-06 13:03:59,169 WARNING django.request Unauthorized: /api/documents/
2026-02-06 13:03:59,185 WARNING django.request Unauthorized: /api/applicants/6/
2026-02-06 13:03:59,199 WARNING django.request Unauthorized: /api/payments/
2026-02-06 13:03:59,206 WARNING django.request Unauthorized: /api/documents/
2026-02-06 13:03:59,237 WARNING django.request Unauthorized: /api/payments/
2026-02-06 13:03:59,455 WARNING django.request Unauthorized: /api/auth/token/refresh/
2026-02-06 13:03:59,457 WARNING django.request Unauthorized: /api/auth/token/refresh/
2026-02-06 13:03:59,511 WARNING django.request Unauthorized: /api/auth/token/refresh/
2026-02-06 13:03:59,513 WARNING django.request Unauthorized: /api/auth/token/refresh/
2026-02-06 13:03:59,590 WARNING django.request Unauthorized: /api/auth/token/refresh/
2026-02-06 13:03:59,624 WARNING django.request Unauthorized: /api/auth/token/refresh/
2026-02-06 14:11:02,864 WARNING django.request Unauthorized: /api/auth/me/
2026-02-06 14:11:02,919 WARNING django.request Unauthorized: /api/auth/me/
2026-02-06 14:11:03,245 WARNING django.request Unauthorized: /api/auth/token/refresh/
2026-02-06 14:11:03,469 WARNING django.request Unauthorized: /api/dashboard/
2026-02-06 14:11:03,486 WARNING django.request Unauthorized: /api/dashboard/
2026-02-06 14:11:03,519 WARNING django.request Unauthorized: /api/applicants/
2026-02-06 14:11:03,532 WARNING django.request Unauthorized: /api/applicants/
2026-02-06 14:11:06,351 WARNING django.request Unauthorized: /api/auth/me/
2026-02-06 14:11:06,355 WARNING django.request Unauthorized: /api/auth/me/
2026-02-06 14:31:12,570 INFO django.utils.autoreload C:\Users\Hamza\Downloads\hainan-builder-portal\code\hainan-builder-portal\backend\commissions\models.py changed, reloading.
2026-02-06 14:31:16,846 INFO axes.apps AXES: BEGIN version 8.1.0, blocking by combination of username and ip_address
2026-02-06 14:31:16,912 INFO django.utils.autoreload Watching for file changes with StatReloader
2026-02-06 14:31:29,313 INFO axes.apps AXES: BEGIN version 8.1.0, blocking by combination of username and ip_address
2026-02-06 14:31:38,635 INFO axes.apps AXES: BEGIN version 8.1.0, blocking by combination of username and ip_address
2026-02-06 14:31:46,412 INFO axes.apps AXES: BEGIN version 8.1.0, blocking by combination of username and ip_address
2026-02-06 14:31:50,819 INFO axes.apps AXES: BEGIN version 8.1.0, blocking by combination of username and ip_address
2026-02-06 14:31:50,845 INFO django.utils.autoreload Watching for file changes with StatReloader
2026-02-06 14:49:24,510 INFO django.utils.autoreload C:\Users\Hamza\Downloads\hainan-builder-portal\code\hainan-builder-portal\backend\commissions\serializers.py changed, reloading.
2026-02-06 14:49:26,192 INFO axes.apps AXES: BEGIN version 8.1.0, blocking by combination of username and ip_address
2026-02-06 14:49:26,209 INFO django.utils.autoreload Watching for file changes with StatReloader
2026-02-06 14:49:37,527 INFO django.utils.autoreload C:\Users\Hamza\Downloads\hainan-builder-portal\code\hainan-builder-portal\backend\commissions\views.py changed, reloading.
2026-02-06 14:49:40,240 INFO axes.apps AXES: BEGIN version 8.1.0, blocking by combination of username and ip_address
2026-02-06 14:49:40,257 INFO django.utils.autoreload Watching for file changes with StatReloader
2026-02-06 14:49:49,963 INFO django.utils.autoreload C:\Users\Hamza\Downloads\hainan-builder-portal\code\hainan-builder-portal\backend\commissions\urls.py changed, reloading.
2026-02-06 14:49:51,619 INFO axes.apps AXES: BEGIN version 8.1.0, blocking by combination of username and ip_address
2026-02-06 14:49:51,638 INFO django.utils.autoreload Watching for file changes with StatReloader
2026-02-06 14:55:11,420 INFO django.utils.autoreload C:\Users\Hamza\Downloads\hainan-builder-portal\code\hainan-builder-portal\backend\commissions\urls.py changed, reloading.
2026-02-06 14:55:14,036 INFO axes.apps AXES: BEGIN version 8.1.0, blocking by combination of username and ip_address
2026-02-06 14:55:14,055 INFO django.utils.autoreload Watching for file changes with StatReloader
2026-02-06 14:55:55,905 INFO axes.apps AXES: BEGIN version 8.1.0, blocking by combination of username and ip_address
2026-02-06 14:56:03,760 INFO axes.apps AXES: BEGIN version 8.1.0, blocking by combination of username and ip_address
2026-02-06 14:56:05,406 INFO axes.apps AXES: BEGIN version 8.1.0, blocking by combination of username and ip_address
2026-02-06 14:56:05,424 INFO django.utils.autoreload Watching for file changes with StatReloader
2026-02-06 15:33:48,302 WARNING django.request Unauthorized: /api/auth/me/
2026-02-06 15:33:48,419 WARNING django.request Unauthorized: /api/auth/me/
2026-02-06 15:33:48,875 WARNING django.request Unauthorized: /api/auth/token/refresh/
2026-02-06 15:33:49,159 WARNING django.request Unauthorized: /api/applicants/
2026-02-06 15:33:49,178 WARNING django.request Unauthorized: /api/applicants/
2026-02-06 15:59:13,473 INFO django.utils.autoreload C:\Users\Hamza\Downloads\hainan-builder-portal\code\hainan-builder-portal\backend\commissions\views.py changed, reloading.
2026-02-06 15:59:15,764 INFO axes.apps AXES: BEGIN version 8.1.0, blocking by combination of username and ip_address
2026-02-06 15:59:15,796 INFO django.utils.autoreload Watching for file changes with StatReloader
2026-02-06 17:32:56,786 WARNING django.request Unauthorized: /api/auth/me/
2026-02-06 17:32:57,120 WARNING django.request Unauthorized: /api/auth/me/
2026-02-06 18:39:01,836 WARNING django.request Unauthorized: /api/auth/me/
2026-02-06 18:39:01,855 WARNING django.request Unauthorized: /api/auth/me/
2026-02-06 18:39:02,095 WARNING django.request Unauthorized: /api/auth/token/refresh/
2026-02-06 18:39:02,301 WARNING django.request Unauthorized: /api/auth/token/refresh/
2026-02-06 22:38:34,721 INFO axes.handlers.database AXES: User login failed, running database handler for failure.
2026-02-06 22:38:34,736 INFO axes.handlers.database AXES: Cleaned up 0 expired access attempts from database that were older than 2026-02-06 16:38:33.903834+00:00
2026-02-06 22:38:34,771 WARNING axes.handlers.database AXES: New login failure by {username: "********************", ip_address: "********************", user_agent: "Mozilla/5.0 (Windows NT 10.0; Win64; x64) AppleWebKit/537.36 (KHTML, like Gecko) Chrome/143.0.7499.4 Safari/537.36", path_info: "/api/auth/login/"}. Created new record in the database.
2026-02-06 22:38:34,794 WARNING django.request Unauthorized: /api/auth/login/
2026-02-06 22:59:41,564 WARNING django.request Forbidden: /api/auth/login/
2026-02-06 22:59:45,405 INFO axes.handlers.database AXES: User login failed, running database handler for failure.
2026-02-06 22:59:45,408 INFO axes.handlers.database AXES: Cleaned up 0 expired access attempts from database that were older than 2026-02-06 16:59:44.647154+00:00
2026-02-06 22:59:45,414 WARNING axes.handlers.database AXES: New login failure by {username: "********************", ip_address: "********************", user_agent: "Mozilla/5.0 (Windows NT 10.0; Win64; x64) AppleWebKit/537.36 (KHTML, like Gecko) Chrome/143.0.7499.4 Safari/537.36", path_info: "/api/auth/login/"}. Created new record in the database.
2026-02-06 22:59:45,419 WARNING django.request Unauthorized: /api/auth/login/
2026-02-06 23:00:00,685 INFO axes.handlers.database AXES: User login failed, running database handler for failure.
2026-02-06 23:00:00,687 INFO axes.handlers.database AXES: Cleaned up 0 expired access attempts from database that were older than 2026-02-06 16:59:59.952145+00:00
2026-02-06 23:00:00,691 WARNING axes.handlers.database AXES: New login failure by {username: "********************", ip_address: "********************", user_agent: "Mozilla/5.0 (Windows NT 10.0; Win64; x64) AppleWebKit/537.36 (KHTML, like Gecko) Chrome/143.0.7499.4 Safari/537.36", path_info: "/api/auth/login/"}. Created new record in the database.
2026-02-06 23:00:00,694 WARNING django.request Unauthorized: /api/auth/login/
2026-02-06 23:00:04,001 INFO axes.handlers.database AXES: User login failed, running database handler for failure.
2026-02-06 23:00:04,004 INFO axes.handlers.database AXES: Cleaned up 0 expired access attempts from database that were older than 2026-02-06 17:00:03.210523+00:00
2026-02-06 23:00:04,030 WARNING axes.handlers.database AXES: Repeated login failure by {username: "********************", ip_address: "********************", user_agent: "Mozilla/5.0 (Windows NT 10.0; Win64; x64) AppleWebKit/537.36 (KHTML, like Gecko) Chrome/143.0.7499.4 Safari/537.36", path_info: "/api/auth/login/"}. Updated existing record in the database.
2026-02-06 23:00:04,035 WARNING django.request Unauthorized: /api/auth/login/
2026-02-06 23:00:07,793 INFO axes.handlers.database AXES: User login failed, running database handler for failure.
2026-02-06 23:00:07,795 INFO axes.handlers.database AXES: Cleaned up 0 expired access attempts from database that were older than 2026-02-06 17:00:06.804390+00:00
2026-02-06 23:00:07,801 WARNING axes.handlers.database AXES: Repeated login failure by {username: "********************", ip_address: "********************", user_agent: "Mozilla/5.0 (Windows NT 10.0; Win64; x64) AppleWebKit/537.36 (KHTML, like Gecko) Chrome/143.0.7499.4 Safari/537.36", path_info: "/api/auth/login/"}. Updated existing record in the database.
2026-02-06 23:00:07,804 WARNING django.request Unauthorized: /api/auth/login/
2026-02-06 23:00:11,957 WARNING django.request Forbidden: /api/auth/login/
2026-02-06 23:00:14,908 INFO axes.handlers.database AXES: User login failed, running database handler for failure.
2026-02-06 23:00:14,909 INFO axes.handlers.database AXES: Cleaned up 0 expired access attempts from database that were older than 2026-02-06 17:00:14.039049+00:00
2026-02-06 23:00:14,912 WARNING axes.handlers.database AXES: Repeated login failure by {username: "********************", ip_address: "********************", user_agent: "Mozilla/5.0 (Windows NT 10.0; Win64; x64) AppleWebKit/537.36 (KHTML, like Gecko) Chrome/143.0.7499.4 Safari/537.36", path_info: "/api/auth/login/"}. Updated existing record in the database.
2026-02-06 23:00:14,915 WARNING django.request Unauthorized: /api/auth/login/
2026-02-06 23:00:23,346 WARNING django.request Too Many Requests: /api/auth/login/
2026-02-06 23:00:28,042 WARNING django.request Too Many Requests: /api/auth/login/
2026-02-06 23:00:29,458 WARNING django.request Too Many Requests: /api/auth/login/
2026-02-06 23:00:31,229 WARNING django.request Too Many Requests: /api/auth/login/
2026-02-06 23:00:38,916 WARNING django.request Too Many Requests: /api/auth/login/
2026-02-06 23:00:49,378 WARNING django.request Too Many Requests: /api/auth/login/
2026-02-06 23:04:27,960 INFO axes.apps AXES: BEGIN version 8.1.0, blocking by combination of username and ip_address
2026-02-06 23:05:29,265 INFO axes.apps AXES: BEGIN version 8.1.0, blocking by combination of username and ip_address
2026-02-06 23:06:35,561 INFO axes.apps AXES: BEGIN version 8.1.0, blocking by combination of username and ip_address
2026-02-06 23:09:24,733 WARNING django.request Too Many Requests: /api/auth/register/
2026-02-06 23:09:47,126 WARNING django.request Too Many Requests: /api/auth/login/
2026-02-06 23:09:49,893 WARNING django.request Too Many Requests: /api/auth/login/
2026-02-06 23:09:51,623 WARNING django.request Too Many Requests: /api/auth/login/
2026-02-06 23:10:04,006 WARNING django.request Too Many Requests: /api/auth/login/
2026-02-06 23:10:08,225 WARNING django.request Too Many Requests: /api/auth/login/
2026-02-06 23:10:17,742 WARNING django.request Too Many Requests: /api/auth/login/
2026-02-06 23:10:31,962 WARNING django.request Too Many Requests: /api/auth/login/
2026-02-06 23:10:48,917 WARNING django.request Too Many Requests: /api/auth/login/
2026-02-06 23:11:26,574 INFO axes.apps AXES: BEGIN version 8.1.0, blocking by combination of username and ip_address
2026-02-06 23:11:56,800 WARNING django.request Too Many Requests: /api/auth/register/
2026-02-06 23:12:12,217 INFO axes.apps AXES: BEGIN version 8.1.0, blocking by combination of username and ip_address
2026-02-06 23:12:13,836 INFO axes.apps AXES: BEGIN version 8.1.0, blocking by combination of username and ip_address
2026-02-06 23:12:13,868 INFO django.utils.autoreload Watching for file changes with StatReloader
2026-02-06 23:12:29,314 INFO axes.handlers.database AXES: User login failed, running database handler for failure.
2026-02-06 23:12:29,316 INFO axes.handlers.database AXES: Cleaned up 0 expired access attempts from database that were older than 2026-02-06 17:12:28.490606+00:00
2026-02-06 23:12:29,321 WARNING axes.handlers.database AXES: Repeated login failure by {username: "********************", ip_address: "********************", user_agent: "Mozilla/5.0 (Windows NT 10.0; Win64; x64) AppleWebKit/537.36 (KHTML, like Gecko) Chrome/143.0.7499.4 Safari/537.36", path_info: "/api/auth/login/"}. Updated existing record in the database.
2026-02-06 23:12:29,326 WARNING django.request Unauthorized: /api/auth/login/
2026-02-06 23:12:33,151 INFO axes.handlers.database AXES: User login failed, running database handler for failure.
2026-02-06 23:12:33,153 INFO axes.handlers.database AXES: Cleaned up 0 expired access attempts from database that were older than 2026-02-06 17:12:32.462310+00:00
2026-02-06 23:12:33,157 WARNING axes.handlers.database AXES: Repeated login failure by {username: "********************", ip_address: "********************", user_agent: "Mozilla/5.0 (Windows NT 10.0; Win64; x64) AppleWebKit/537.36 (KHTML, like Gecko) Chrome/143.0.7499.4 Safari/537.36", path_info: "/api/auth/login/"}. Updated existing record in the database.
2026-02-06 23:12:33,160 WARNING axes.handlers.database AXES: Locking out {username: "********************", ip_address: "********************", user_agent: "Mozilla/5.0 (Windows NT 10.0; Win64; x64) AppleWebKit/537.36 (KHTML, like Gecko) Chrome/143.0.7499.4 Safari/537.36", path_info: "/api/auth/login/"} after repeated login failures.
2026-02-06 23:12:33,161 WARNING django.request Unauthorized: /api/auth/login/
2026-02-06 23:12:36,824 INFO axes.handlers.database AXES: User login failed, running database handler for failure.
2026-02-06 23:12:36,825 INFO axes.handlers.database AXES: Cleaned up 0 expired access attempts from database that were older than 2026-02-06 17:12:36.766833+00:00
2026-02-06 23:12:36,828 WARNING axes.handlers.database AXES: Repeated login failure by {username: "********************", ip_address: "********************", user_agent: "Mozilla/5.0 (Windows NT 10.0; Win64; x64) AppleWebKit/537.36 (KHTML, like Gecko) Chrome/143.0.7499.4 Safari/537.36", path_info: "/api/auth/login/"}. Updated existing record in the database.
2026-02-06 23:12:36,831 WARNING axes.handlers.database AXES: Locking out {username: "********************", ip_address: "********************", user_agent: "Mozilla/5.0 (Windows NT 10.0; Win64; x64) AppleWebKit/537.36 (KHTML, like Gecko) Chrome/143.0.7499.4 Safari/537.36", path_info: "/api/auth/login/"} after repeated login failures.
2026-02-06 23:12:36,832 WARNING django.request Unauthorized: /api/auth/login/
2026-02-06 23:12:54,788 INFO axes.handlers.database AXES: User login failed, running database handler for failure.
2026-02-06 23:12:54,789 INFO axes.handlers.database AXES: Cleaned up 0 expired access attempts from database that were older than 2026-02-06 17:12:54.695907+00:00
2026-02-06 23:12:54,793 WARNING axes.handlers.database AXES: Repeated login failure by {username: "********************", ip_address: "********************", user_agent: "Mozilla/5.0 (Windows NT 10.0; Win64; x64) AppleWebKit/537.36 (KHTML, like Gecko) Chrome/143.0.7499.4 Safari/537.36", path_info: "/api/auth/login/"}. Updated existing record in the database.
2026-02-06 23:12:54,795 WARNING axes.handlers.database AXES: Locking out {username: "********************", ip_address: "********************", user_agent: "Mozilla/5.0 (Windows NT 10.0; Win64; x64) AppleWebKit/537.36 (KHTML, like Gecko) Chrome/143.0.7499.4 Safari/537.36", path_info: "/api/auth/login/"} after repeated login failures.
2026-02-06 23:12:54,795 WARNING django.request Unauthorized: /api/auth/login/
2026-02-06 23:13:10,890 INFO axes.handlers.database AXES: User login failed, running database handler for failure.
2026-02-06 23:13:10,892 INFO axes.handlers.database AXES: Cleaned up 0 expired access attempts from database that were older than 2026-02-06 17:13:10.812524+00:00
2026-02-06 23:13:10,896 WARNING axes.handlers.database AXES: Repeated login failure by {username: "********************", ip_address: "********************", user_agent: "Mozilla/5.0 (Windows NT 10.0; Win64; x64) AppleWebKit/537.36 (KHTML, like Gecko) Chrome/143.0.7499.4 Safari/537.36", path_info: "/api/auth/login/"}. Updated existing record in the database.
2026-02-06 23:13:10,899 WARNING axes.handlers.database AXES: Locking out {username: "********************", ip_address: "********************", user_agent: "Mozilla/5.0 (Windows NT 10.0; Win64; x64) AppleWebKit/537.36 (KHTML, like Gecko) Chrome/143.0.7499.4 Safari/537.36", path_info: "/api/auth/login/"} after repeated login failures.
2026-02-06 23:13:10,899 WARNING django.request Unauthorized: /api/auth/login/
2026-02-06 23:13:52,190 INFO axes.apps AXES: BEGIN version 8.1.0, blocking by combination of username and ip_address
2026-02-06 23:13:54,773 INFO axes.apps AXES: BEGIN version 8.1.0, blocking by combination of username and ip_address
2026-02-06 23:13:54,792 INFO django.utils.autoreload Watching for file changes with StatReloader
2026-02-06 23:14:27,479 WARNING django.request Forbidden: /api/auth/login/
2026-02-06 23:14:30,899 INFO axes.handlers.database AXES: User login failed, running database handler for failure.
2026-02-06 23:14:30,902 INFO axes.handlers.database AXES: Cleaned up 0 expired access attempts from database that were older than 2026-02-06 17:14:30.826917+00:00
2026-02-06 23:14:30,911 WARNING axes.handlers.database AXES: Repeated login failure by {username: "********************", ip_address: "********************", user_agent: "Mozilla/5.0 (Windows NT 10.0; Win64; x64) AppleWebKit/537.36 (KHTML, like Gecko) Chrome/143.0.7499.4 Safari/537.36", path_info: "/api/auth/login/"}. Updated existing record in the database.
2026-02-06 23:14:30,914 WARNING axes.handlers.database AXES: Locking out {username: "********************", ip_address: "********************", user_agent: "Mozilla/5.0 (Windows NT 10.0; Win64; x64) AppleWebKit/537.36 (KHTML, like Gecko) Chrome/143.0.7499.4 Safari/537.36", path_info: "/api/auth/login/"} after repeated login failures.
2026-02-06 23:14:30,915 WARNING django.request Unauthorized: /api/auth/login/
2026-02-06 23:14:55,769 INFO axes.handlers.database AXES: User login failed, running database handler for failure.
2026-02-06 23:14:55,770 INFO axes.handlers.database AXES: Cleaned up 0 expired access attempts from database that were older than 2026-02-06 17:14:54.879191+00:00
2026-02-06 23:14:55,774 WARNING axes.handlers.database AXES: Repeated login failure by {username: "********************", ip_address: "********************", user_agent: "Mozilla/5.0 (Windows NT 10.0; Win64; x64) AppleWebKit/537.36 (KHTML, like Gecko) Chrome/143.0.7499.4 Safari/537.36", path_info: "/api/auth/login/"}. Updated existing record in the database.
2026-02-06 23:14:55,777 WARNING django.request Unauthorized: /api/auth/login/
2026-02-06 23:15:00,824 INFO axes.handlers.database AXES: User login failed, running database handler for failure.
2026-02-06 23:15:00,826 INFO axes.handlers.database AXES: Cleaned up 0 expired access attempts from database that were older than 2026-02-06 17:15:00.663880+00:00
2026-02-06 23:15:00,835 WARNING axes.handlers.database AXES: Repeated login failure by {username: "********************", ip_address: "********************", user_agent: "Mozilla/5.0 (Windows NT 10.0; Win64; x64) AppleWebKit/537.36 (KHTML, like Gecko) Chrome/143.0.7499.4 Safari/537.36", path_info: "/api/auth/login/"}. Updated existing record in the database.
2026-02-06 23:15:00,839 WARNING axes.handlers.database AXES: Locking out {username: "********************", ip_address: "********************", user_agent: "Mozilla/5.0 (Windows NT 10.0; Win64; x64) AppleWebKit/537.36 (KHTML, like Gecko) Chrome/143.0.7499.4 Safari/537.36", path_info: "/api/auth/login/"} after repeated login failures.
2026-02-06 23:15:00,840 WARNING django.request Unauthorized: /api/auth/login/
2026-02-06 23:15:04,553 INFO axes.handlers.database AXES: User login failed, running database handler for failure.
2026-02-06 23:15:04,554 INFO axes.handlers.database AXES: Cleaned up 0 expired access attempts from database that were older than 2026-02-06 17:15:04.484312+00:00
2026-02-06 23:15:04,558 WARNING axes.handlers.database AXES: Repeated login failure by {username: "********************", ip_address: "********************", user_agent: "Mozilla/5.0 (Windows NT 10.0; Win64; x64) AppleWebKit/537.36 (KHTML, like Gecko) Chrome/143.0.7499.4 Safari/537.36", path_info: "/api/auth/login/"}. Updated existing record in the database.
2026-02-06 23:15:04,560 WARNING axes.handlers.database AXES: Locking out {username: "********************", ip_address: "********************", user_agent: "Mozilla/5.0 (Windows NT 10.0; Win64; x64) AppleWebKit/537.36 (KHTML, like Gecko) Chrome/143.0.7499.4 Safari/537.36", path_info: "/api/auth/login/"} after repeated login failures.
2026-02-06 23:15:04,561 WARNING django.request Unauthorized: /api/auth/login/
2026-02-06 23:15:34,656 INFO axes.handlers.database AXES: User login failed, running database handler for failure.
2026-02-06 23:15:34,658 INFO axes.handlers.database AXES: Cleaned up 0 expired access attempts from database that were older than 2026-02-06 17:15:34.550735+00:00
2026-02-06 23:15:34,664 WARNING axes.handlers.database AXES: Repeated login failure by {username: "********************", ip_address: "********************", user_agent: "Mozilla/5.0 (Windows NT 10.0; Win64; x64) AppleWebKit/537.36 (KHTML, like Gecko) Chrome/143.0.7499.4 Safari/537.36", path_info: "/api/auth/login/"}. Updated existing record in the database.
2026-02-06 23:15:34,668 WARNING axes.handlers.database AXES: Locking out {username: "********************", ip_address: "********************", user_agent: "Mozilla/5.0 (Windows NT 10.0; Win64; x64) AppleWebKit/537.36 (KHTML, like Gecko) Chrome/143.0.7499.4 Safari/537.36", path_info: "/api/auth/login/"} after repeated login failures.
2026-02-06 23:15:34,669 WARNING django.request Unauthorized: /api/auth/login/
2026-02-06 23:15:54,194 INFO axes.handlers.database AXES: User login failed, running database handler for failure.
2026-02-06 23:15:54,196 INFO axes.handlers.database AXES: Cleaned up 0 expired access attempts from database that were older than 2026-02-06 17:15:54.114104+00:00
2026-02-06 23:15:54,202 WARNING axes.handlers.database AXES: Repeated login failure by {username: "********************", ip_address: "********************", user_agent: "Mozilla/5.0 (Windows NT 10.0; Win64; x64) AppleWebKit/537.36 (KHTML, like Gecko) Chrome/143.0.7499.4 Safari/537.36", path_info: "/api/auth/login/"}. Updated existing record in the database.
2026-02-06 23:15:54,206 WARNING axes.handlers.database AXES: Locking out {username: "********************", ip_address: "********************", user_agent: "Mozilla/5.0 (Windows NT 10.0; Win64; x64) AppleWebKit/537.36 (KHTML, like Gecko) Chrome/143.0.7499.4 Safari/537.36", path_info: "/api/auth/login/"} after repeated login failures.
2026-02-06 23:15:54,206 WARNING django.request Unauthorized: /api/auth/login/
2026-02-06 23:32:23,046 WARNING django.request Unauthorized: /api/auth/me/
2026-02-06 23:32:23,089 WARNING django.request Unauthorized: /api/auth/me/
2026-02-06 23:32:23,230 WARNING django.request Unauthorized: /api/auth/token/refresh/
2026-02-06 23:32:23,232 WARNING django.request Unauthorized: /api/auth/token/refresh/
2026-02-06 23:32:40,349 WARNING django.request Too Many Requests: /api/auth/login/
2026-02-06 23:32:51,861 INFO axes.apps AXES: BEGIN version 8.1.0, blocking by combination of username and ip_address
2026-02-06 23:32:53,454 INFO axes.apps AXES: BEGIN version 8.1.0, blocking by combination of username and ip_address
2026-02-06 23:32:53,474 INFO django.utils.autoreload Watching for file changes with StatReloader
2026-02-07 23:31:16,686 INFO axes.apps AXES: BEGIN version 8.1.0, blocking by combination of username and ip_address
2026-02-07 23:31:20,071 INFO axes.apps AXES: BEGIN version 8.1.0, blocking by combination of username and ip_address
2026-02-07 23:31:20,134 INFO django.utils.autoreload Watching for file changes with StatReloader
2026-02-07 23:32:13,248 WARNING django.request Not Found: /favicon.ico
2026-02-07 23:33:43,876 WARNING django.request Unauthorized: /api/auth/me/
2026-02-07 23:33:43,898 WARNING django.request Unauthorized: /api/auth/me/
2026-02-07 23:35:22,511 WARNING django.request Forbidden: /api/auth/login/
2026-02-10 22:46:55,420 INFO axes.apps AXES: BEGIN version 8.1.0, blocking by combination of username and ip_address
2026-02-10 22:46:58,014 INFO axes.apps AXES: BEGIN version 8.1.0, blocking by combination of username and ip_address
2026-02-10 22:46:58,051 INFO django.utils.autoreload Watching for file changes with StatReloader
2026-02-10 22:47:48,434 INFO axes.apps AXES: BEGIN version 8.1.0, blocking by combination of username and ip_address
2026-02-10 22:48:17,470 INFO axes.apps AXES: BEGIN version 8.1.0, blocking by combination of username and ip_address
2026-02-10 22:48:23,657 INFO axes.apps AXES: BEGIN version 8.1.0, blocking by combination of username and ip_address
2026-02-10 22:48:23,697 INFO django.utils.autoreload Watching for file changes with StatReloader
2026-02-10 22:48:32,118 WARNING django.request Unauthorized: /api/auth/me/
2026-02-10 22:48:32,129 WARNING django.request Unauthorized: /api/auth/me/
2026-02-10 22:48:34,287 WARNING django.request Not Found: /favicon.ico
2026-02-10 22:48:39,012 WARNING django.request Not Found: /api/documents/service-types/
2026-02-10 22:48:39,082 WARNING django.request Not Found: /api/documents/service-types/
2026-02-10 22:58:23,809 INFO django.utils.autoreload C:\Users\Hamza\Downloads\hainan-builder-portal\code\hainan-builder-portal\backend\applicants\models.py changed, reloading.
2026-02-10 22:58:25,792 INFO axes.apps AXES: BEGIN version 8.1.0, blocking by combination of username and ip_address
2026-02-10 22:58:25,820 INFO django.utils.autoreload Watching for file changes with StatReloader
2026-02-10 22:58:39,125 INFO django.utils.autoreload C:\Users\Hamza\Downloads\hainan-builder-portal\code\hainan-builder-portal\backend\applicants\models.py changed, reloading.
2026-02-10 22:58:41,368 INFO axes.apps AXES: BEGIN version 8.1.0, blocking by combination of username and ip_address
2026-02-10 22:58:41,386 INFO django.utils.autoreload Watching for file changes with StatReloader
2026-02-10 22:59:02,538 INFO django.utils.autoreload C:\Users\Hamza\Downloads\hainan-builder-portal\code\hainan-builder-portal\backend\applicants\views.py changed, reloading.
2026-02-10 22:59:04,267 INFO axes.apps AXES: BEGIN version 8.1.0, blocking by combination of username and ip_address
2026-02-10 22:59:04,287 INFO django.utils.autoreload Watching for file changes with StatReloader
2026-02-10 22:59:16,402 INFO django.utils.autoreload C:\Users\Hamza\Downloads\hainan-builder-portal\code\hainan-builder-portal\backend\core\permissions.py changed, reloading.
2026-02-10 22:59:18,084 INFO axes.apps AXES: BEGIN version 8.1.0, blocking by combination of username and ip_address
2026-02-10 22:59:18,109 INFO django.utils.autoreload Watching for file changes with StatReloader
2026-02-10 22:59:30,187 INFO django.utils.autoreload C:\Users\Hamza\Downloads\hainan-builder-portal\code\hainan-builder-portal\backend\documents\views.py changed, reloading.
2026-02-10 22:59:32,344 INFO axes.apps AXES: BEGIN version 8.1.0, blocking by combination of username and ip_address
2026-02-10 22:59:32,364 INFO django.utils.autoreload Watching for file changes with StatReloader
2026-02-10 22:59:59,991 INFO django.utils.autoreload C:\Users\Hamza\Downloads\hainan-builder-portal\code\hainan-builder-portal\backend\applicants\serializers.py changed, reloading.
2026-02-10 23:00:01,725 INFO axes.apps AXES: BEGIN version 8.1.0, blocking by combination of username and ip_address
2026-02-10 23:00:01,744 INFO django.utils.autoreload Watching for file changes with StatReloader
2026-02-10 23:00:04,597 INFO django.utils.autoreload C:\Users\Hamza\Downloads\hainan-builder-portal\code\hainan-builder-portal\backend\applicants\serializers.py changed, reloading.
2026-02-10 23:00:05,973 INFO axes.apps AXES: BEGIN version 8.1.0, blocking by combination of username and ip_address
2026-02-10 23:00:05,993 INFO django.utils.autoreload Watching for file changes with StatReloader
2026-02-10 23:05:12,065 INFO axes.apps AXES: BEGIN version 8.1.0, blocking by combination of username and ip_address
2026-02-10 23:05:14,324 INFO axes.apps AXES: BEGIN version 8.1.0, blocking by combination of username and ip_address
2026-02-10 23:05:16,533 INFO axes.apps AXES: BEGIN version 8.1.0, blocking by combination of username and ip_address
2026-02-10 23:10:14,204 INFO axes.apps AXES: BEGIN version 8.1.0, blocking by combination of username and ip_address
2026-02-10 23:10:17,983 INFO axes.apps AXES: BEGIN version 8.1.0, blocking by combination of username and ip_address
2026-02-10 23:10:20,838 INFO axes.apps AXES: BEGIN version 8.1.0, blocking by combination of username and ip_address
2026-02-10 23:12:42,219 INFO axes.apps AXES: BEGIN version 8.1.0, blocking by combination of username and ip_address
2026-02-10 23:12:43,631 INFO axes.apps AXES: BEGIN version 8.1.0, blocking by combination of username and ip_address
2026-02-10 23:12:43,656 INFO django.utils.autoreload Watching for file changes with StatReloader
2026-02-10 23:26:41,711 INFO django.utils.autoreload C:\Users\Hamza\Downloads\hainan-builder-portal\code\hainan-builder-portal\backend\accounts\serializers.py changed, reloading.
2026-02-10 23:26:43,587 INFO axes.apps AXES: BEGIN version 8.1.0, blocking by combination of username and ip_address
2026-02-10 23:26:43,613 INFO django.utils.autoreload Watching for file changes with StatReloader
2026-02-10 23:26:59,206 INFO django.utils.autoreload C:\Users\Hamza\Downloads\hainan-builder-portal\code\hainan-builder-portal\backend\accounts\serializers.py changed, reloading.
2026-02-10 23:27:01,085 INFO axes.apps AXES: BEGIN version 8.1.0, blocking by combination of username and ip_address
2026-02-10 23:27:01,106 INFO django.utils.autoreload Watching for file changes with StatReloader
2026-02-10 23:27:32,459 INFO django.utils.autoreload C:\Users\Hamza\Downloads\hainan-builder-portal\code\hainan-builder-portal\backend\accounts\views.py changed, reloading.
2026-02-10 23:27:34,330 INFO axes.apps AXES: BEGIN version 8.1.0, blocking by combination of username and ip_address
2026-02-10 23:27:34,353 INFO django.utils.autoreload Watching for file changes with StatReloader
2026-02-10 23:27:50,936 INFO django.utils.autoreload C:\Users\Hamza\Downloads\hainan-builder-portal\code\hainan-builder-portal\backend\accounts\urls.py changed, reloading.
2026-02-10 23:27:52,702 INFO axes.apps AXES: BEGIN version 8.1.0, blocking by combination of username and ip_address
2026-02-10 23:27:52,721 INFO django.utils.autoreload Watching for file changes with StatReloader
2026-02-10 23:28:05,838 INFO django.utils.autoreload C:\Users\Hamza\Downloads\hainan-builder-portal\code\hainan-builder-portal\backend\accounts\views.py changed, reloading.
2026-02-10 23:28:08,511 INFO axes.apps AXES: BEGIN version 8.1.0, blocking by combination of username and ip_address
2026-02-10 23:28:08,530 INFO django.utils.autoreload Watching for file changes with StatReloader
2026-02-10 23:31:09,074 WARNING django.request Forbidden: /api/dashboard/
2026-02-10 23:31:09,093 WARNING django.request Forbidden: /api/dashboard/
2026-02-10 23:31:29,891 WARNING django.request Forbidden: /api/dashboard/
2026-02-10 23:31:29,906 WARNING django.request Forbidden: /api/dashboard/
2026-02-10 23:31:29,929 WARNING django.request Forbidden: /api/dashboard/
2026-02-10 23:33:39,916 INFO django.utils.autoreload C:\Users\Hamza\Downloads\hainan-builder-portal\code\hainan-builder-portal\backend\accounts\models.py changed, reloading.
2026-02-10 23:33:42,422 INFO axes.apps AXES: BEGIN version 8.1.0, blocking by combination of username and ip_address
2026-02-10 23:33:42,446 INFO django.utils.autoreload Watching for file changes with StatReloader
2026-02-10 23:33:52,543 INFO django.utils.autoreload C:\Users\Hamza\Downloads\hainan-builder-portal\code\hainan-builder-portal\backend\accounts\serializers.py changed, reloading.
2026-02-10 23:33:54,245 INFO axes.apps AXES: BEGIN version 8.1.0, blocking by combination of username and ip_address
2026-02-10 23:33:54,263 INFO django.utils.autoreload Watching for file changes with StatReloader
2026-02-10 23:34:05,109 INFO django.utils.autoreload C:\Users\Hamza\Downloads\hainan-builder-portal\code\hainan-builder-portal\backend\accounts\models.py changed, reloading.
2026-02-10 23:34:09,506 INFO axes.apps AXES: BEGIN version 8.1.0, blocking by combination of username and ip_address
2026-02-10 23:34:09,542 INFO django.utils.autoreload Watching for file changes with StatReloader
2026-02-10 23:34:13,359 WARNING django.request Forbidden: /api/dashboard/
2026-02-10 23:34:13,367 WARNING django.request Forbidden: /api/dashboard/
2026-02-10 23:34:13,394 WARNING django.request Forbidden: /api/dashboard/
2026-02-10 23:35:20,505 WARNING django.request Forbidden: /api/dashboard/
2026-02-10 23:35:20,515 WARNING django.request Forbidden: /api/dashboard/
2026-02-10 23:35:20,571 WARNING django.request Forbidden: /api/dashboard/
2026-02-10 23:35:20,583 WARNING django.request Forbidden: /api/dashboard/
2026-02-10 23:35:35,682 WARNING django.request Forbidden: /api/dashboard/
2026-02-10 23:35:51,900 INFO django.utils.autoreload C:\Users\Hamza\Downloads\hainan-builder-portal\code\hainan-builder-portal\backend\accounts\serializers.py changed, reloading.
2026-02-10 23:35:53,624 INFO axes.apps AXES: BEGIN version 8.1.0, blocking by combination of username and ip_address
2026-02-10 23:35:53,644 INFO django.utils.autoreload Watching for file changes with StatReloader
2026-02-10 23:36:56,804 INFO django.utils.autoreload C:\Users\Hamza\Downloads\hainan-builder-portal\code\hainan-builder-portal\backend\accounts\serializers.py changed, reloading.
2026-02-10 23:36:58,683 INFO axes.apps AXES: BEGIN version 8.1.0, blocking by combination of username and ip_address
2026-02-10 23:36:58,706 INFO django.utils.autoreload Watching for file changes with StatReloader
2026-02-10 23:37:41,431 WARNING django.request Forbidden: /api/dashboard/
2026-02-10 23:37:41,473 WARNING django.request Forbidden: /api/dashboard/
2026-02-10 23:37:41,577 WARNING django.request Forbidden: /api/dashboard/
2026-02-10 23:38:11,421 WARNING django.request Forbidden: /api/dashboard/
2026-02-10 23:38:11,438 WARNING django.request Forbidden: /api/dashboard/
2026-02-10 23:45:01,594 INFO axes.apps AXES: BEGIN version 8.1.0, blocking by combination of username and ip_address
2026-02-10 23:45:17,948 INFO axes.apps AXES: BEGIN version 8.1.0, blocking by combination of username and ip_address
2026-02-10 23:45:22,432 INFO axes.apps AXES: BEGIN version 8.1.0, blocking by combination of username and ip_address
2026-02-10 23:46:00,227 INFO axes.apps AXES: BEGIN version 8.1.0, blocking by combination of username and ip_address
2026-02-10 23:46:01,608 INFO axes.apps AXES: BEGIN version 8.1.0, blocking by combination of username and ip_address
2026-02-10 23:46:01,625 INFO django.utils.autoreload Watching for file changes with StatReloader
2026-02-10 23:46:45,141 WARNING django.request Forbidden: /api/dashboard/
2026-02-10 23:46:45,272 WARNING django.request Forbidden: /api/dashboard/
2026-02-10 23:54:23,872 WARNING django.request Forbidden: /api/dashboard/
2026-02-10 23:54:23,879 WARNING django.request Forbidden: /api/dashboard/
2026-02-10 23:54:23,902 WARNING django.request Forbidden: /api/dashboard/
2026-02-10 23:59:26,426 INFO django.utils.autoreload C:\Users\Hamza\Downloads\hainan-builder-portal\code\hainan-builder-portal\backend\applicants\views.py changed, reloading.
2026-02-10 23:59:27,931 INFO axes.apps AXES: BEGIN version 8.1.0, blocking by combination of username and ip_address
2026-02-10 23:59:27,958 INFO django.utils.autoreload Watching for file changes with StatReloader
2026-02-10 23:59:32,087 INFO django.utils.autoreload C:\Users\Hamza\Downloads\hainan-builder-portal\code\hainan-builder-portal\backend\applicants\views.py changed, reloading.
2026-02-10 23:59:33,836 INFO axes.apps AXES: BEGIN version 8.1.0, blocking by combination of username and ip_address
2026-02-10 23:59:33,861 INFO django.utils.autoreload Watching for file changes with StatReloader
2026-02-11 00:06:07,581 INFO axes.apps AXES: BEGIN version 8.1.0, blocking by combination of username and ip_address
2026-02-11 00:06:50,549 INFO axes.apps AXES: BEGIN version 8.1.0, blocking by combination of username and ip_address
2026-02-11 00:06:59,851 INFO axes.apps AXES: BEGIN version 8.1.0, blocking by combination of username and ip_address
2026-02-11 00:07:16,955 INFO axes.apps AXES: BEGIN version 8.1.0, blocking by combination of username and ip_address
2026-02-11 00:07:18,719 INFO axes.apps AXES: BEGIN version 8.1.0, blocking by combination of username and ip_address
2026-02-11 00:07:18,741 INFO django.utils.autoreload Watching for file changes with StatReloader
2026-02-11 00:07:20,877 WARNING django.request Method Not Allowed: /api/auth/register/applicant/
AXES: BEGIN version 8.1.0, blocking by ip_address
AXES: BEGIN version 8.1.0, blocking by ip_address
AXES: BEGIN version 8.1.0, blocking by ip_address
AXES: BEGIN version 8.1.0, blocking by ip_address
AXES: BEGIN version 8.1.0, blocking by ip_address
Watching for file changes with StatReloader
AXES: BEGIN version 8.1.0, blocking by ip_address
AXES: BEGIN version 8.1.0, blocking by ip_address
Watching for file changes with StatReloader
Unauthorized: /api/auth/me/
Unauthorized: /api/auth/me/
Unauthorized: /api/auth/token/refresh/
Unauthorized: /api/auth/token/refresh/
C:\Users\Hamza\Downloads\hainan-builder-portal\code\hainan-builder-portal\backend\config\settings.py changed, reloading.
AXES: BEGIN version 8.1.0, blocking by ip_address
Watching for file changes with StatReloader
AXES: BEGIN version 8.1.0, blocking by ip_address
AXES: BEGIN version 8.1.0, blocking by ip_address
Watching for file changes with StatReloader
AXES: User login failed, running database handler for failure.
AXES: New login failure by {username: "********************", ip_address: "********************", user_agent: "Mozilla/5.0 (Windows NT 10.0; Win64; x64) AppleWebKit/537.36 (KHTML, like Gecko) Chrome/144.0.0.0 Safari/537.36", path_info: "/api/auth/login/"}. Created new record in the database.
Unauthorized: /api/auth/login/
AXES: User login failed, running database handler for failure.
AXES: Repeated login failure by {username: "********************", ip_address: "********************", user_agent: "Mozilla/5.0 (Windows NT 10.0; Win64; x64) AppleWebKit/537.36 (KHTML, like Gecko) Chrome/144.0.0.0 Safari/537.36", path_info: "/api/auth/login/"}. Updated existing record in the database.
Unauthorized: /api/auth/login/
AXES: User login failed, running database handler for failure.
AXES: Repeated login failure by {username: "********************", ip_address: "********************", user_agent: "Mozilla/5.0 (Windows NT 10.0; Win64; x64) AppleWebKit/537.36 (KHTML, like Gecko) Chrome/144.0.0.0 Safari/537.36", path_info: "/api/auth/login/"}. Updated existing record in the database.
AXES: Locking out {username: "********************", ip_address: "********************", user_agent: "Mozilla/5.0 (Windows NT 10.0; Win64; x64) AppleWebKit/537.36 (KHTML, like Gecko) Chrome/144.0.0.0 Safari/537.36", path_info: "/api/auth/login/"} after repeated login failures.
Unauthorized: /api/auth/login/
AXES: User login failed, running database handler for failure.
AXES: New login failure by {username: "********************", ip_address: "********************", user_agent: "Mozilla/5.0 (Windows NT 10.0; Win64; x64) AppleWebKit/537.36 (KHTML, like Gecko) Chrome/144.0.0.0 Safari/537.36", path_info: "/api/auth/login/"}. Created new record in the database.
AXES: Locking out {username: "********************", ip_address: "********************", user_agent: "Mozilla/5.0 (Windows NT 10.0; Win64; x64) AppleWebKit/537.36 (KHTML, like Gecko) Chrome/144.0.0.0 Safari/537.36", path_info: "/api/auth/login/"} after repeated login failures.
Unauthorized: /api/auth/login/
AXES: BEGIN version 8.1.0, blocking by ip_address
AXES: BEGIN version 8.1.0, blocking by ip_address
AXES: BEGIN version 8.1.0, blocking by ip_address
Watching for file changes with StatReloader
AXES: User login failed, running database handler for failure.
AXES: Repeated login failure by {username: "********************", ip_address: "********************", user_agent: "Mozilla/5.0 (Windows NT 10.0; Win64; x64) AppleWebKit/537.36 (KHTML, like Gecko) Chrome/144.0.0.0 Safari/537.36", path_info: "/api/auth/login/"}. Updated existing record in the database.
AXES: Locking out {username: "********************", ip_address: "********************", user_agent: "Mozilla/5.0 (Windows NT 10.0; Win64; x64) AppleWebKit/537.36 (KHTML, like Gecko) Chrome/144.0.0.0 Safari/537.36", path_info: "/api/auth/login/"} after repeated login failures.
Unauthorized: /api/auth/login/
AXES: User login failed, running database handler for failure.
AXES: Repeated login failure by {username: "********************", ip_address: "********************", user_agent: "Mozilla/5.0 (Windows NT 10.0; Win64; x64) AppleWebKit/537.36 (KHTML, like Gecko) Chrome/144.0.0.0 Safari/537.36", path_info: "/api/auth/login/"}. Updated existing record in the database.
AXES: Locking out {username: "********************", ip_address: "********************", user_agent: "Mozilla/5.0 (Windows NT 10.0; Win64; x64) AppleWebKit/537.36 (KHTML, like Gecko) Chrome/144.0.0.0 Safari/537.36", path_info: "/api/auth/login/"} after repeated login failures.
Unauthorized: /api/auth/login/
AXES: User login failed, running database handler for failure.
AXES: Repeated login failure by {username: "********************", ip_address: "********************", user_agent: "Mozilla/5.0 (Windows NT 10.0; Win64; x64) AppleWebKit/537.36 (KHTML, like Gecko) Chrome/144.0.0.0 Safari/537.36", path_info: "/api/auth/login/"}. Updated existing record in the database.
AXES: Locking out {username: "********************", ip_address: "********************", user_agent: "Mozilla/5.0 (Windows NT 10.0; Win64; x64) AppleWebKit/537.36 (KHTML, like Gecko) Chrome/144.0.0.0 Safari/537.36", path_info: "/api/auth/login/"} after repeated login failures.
Unauthorized: /api/auth/login/
AXES: User login failed, running database handler for failure.
AXES: Repeated login failure by {username: "********************", ip_address: "********************", user_agent: "Mozilla/5.0 (Windows NT 10.0; Win64; x64) AppleWebKit/537.36 (KHTML, like Gecko) Chrome/144.0.0.0 Safari/537.36", path_info: "/api/auth/login/"}. Updated existing record in the database.
AXES: Locking out {username: "********************", ip_address: "********************", user_agent: "Mozilla/5.0 (Windows NT 10.0; Win64; x64) AppleWebKit/537.36 (KHTML, like Gecko) Chrome/144.0.0.0 Safari/537.36", path_info: "/api/auth/login/"} after repeated login failures.
Unauthorized: /api/auth/login/
AXES: User login failed, running database handler for failure.
AXES: Repeated login failure by {username: "********************", ip_address: "********************", user_agent: "Mozilla/5.0 (Windows NT 10.0; Win64; x64) AppleWebKit/537.36 (KHTML, like Gecko) Chrome/144.0.0.0 Safari/537.36", path_info: "/api/auth/login/"}. Updated existing record in the database.
AXES: Locking out {username: "********************", ip_address: "********************", user_agent: "Mozilla/5.0 (Windows NT 10.0; Win64; x64) AppleWebKit/537.36 (KHTML, like Gecko) Chrome/144.0.0.0 Safari/537.36", path_info: "/api/auth/login/"} after repeated login failures.
Unauthorized: /api/auth/login/
AXES: User login failed, running database handler for failure.
AXES: Repeated login failure by {username: "********************", ip_address: "********************", user_agent: "Mozilla/5.0 (Windows NT 10.0; Win64; x64) AppleWebKit/537.36 (KHTML, like Gecko) Chrome/144.0.0.0 Safari/537.36", path_info: "/api/auth/login/"}. Updated existing record in the database.
AXES: Locking out {username: "********************", ip_address: "********************", user_agent: "Mozilla/5.0 (Windows NT 10.0; Win64; x64) AppleWebKit/537.36 (KHTML, like Gecko) Chrome/144.0.0.0 Safari/537.36", path_info: "/api/auth/login/"} after repeated login failures.
Unauthorized: /api/auth/login/
AXES: User login failed, running database handler for failure.
AXES: Repeated login failure by {username: "********************", ip_address: "********************", user_agent: "Mozilla/5.0 (Windows NT 10.0; Win64; x64) AppleWebKit/537.36 (KHTML, like Gecko) Chrome/144.0.0.0 Safari/537.36", path_info: "/api/auth/login/"}. Updated existing record in the database.
AXES: Locking out {username: "********************", ip_address: "********************", user_agent: "Mozilla/5.0 (Windows NT 10.0; Win64; x64) AppleWebKit/537.36 (KHTML, like Gecko) Chrome/144.0.0.0 Safari/537.36", path_info: "/api/auth/login/"} after repeated login failures.
Unauthorized: /api/auth/login/
AXES: BEGIN version 8.1.0, blocking by ip_address
AXES: BEGIN version 8.1.0, blocking by ip_address
AXES: BEGIN version 8.1.0, blocking by ip_address
Watching for file changes with StatReloader
AXES: User login failed, running database handler for failure.
AXES: New login failure by {username: "********************", ip_address: "********************", user_agent: "Mozilla/5.0 (Windows NT 10.0; Win64; x64) AppleWebKit/537.36 (KHTML, like Gecko) Chrome/144.0.0.0 Safari/537.36", path_info: "/api/auth/login/"}. Created new record in the database.
AXES: Locking out {username: "********************", ip_address: "********************", user_agent: "Mozilla/5.0 (Windows NT 10.0; Win64; x64) AppleWebKit/537.36 (KHTML, like Gecko) Chrome/144.0.0.0 Safari/537.36", path_info: "/api/auth/login/"} after repeated login failures.
Unauthorized: /api/auth/login/
AXES: User login failed, running database handler for failure.
AXES: Repeated login failure by {username: "********************", ip_address: "********************", user_agent: "Mozilla/5.0 (Windows NT 10.0; Win64; x64) AppleWebKit/537.36 (KHTML, like Gecko) Chrome/144.0.0.0 Safari/537.36", path_info: "/api/auth/login/"}. Updated existing record in the database.
AXES: Locking out {username: "********************", ip_address: "********************", user_agent: "Mozilla/5.0 (Windows NT 10.0; Win64; x64) AppleWebKit/537.36 (KHTML, like Gecko) Chrome/144.0.0.0 Safari/537.36", path_info: "/api/auth/login/"} after repeated login failures.
Unauthorized: /api/auth/login/
AXES: User login failed, running database handler for failure.
AXES: Repeated login failure by {username: "********************", ip_address: "********************", user_agent: "Mozilla/5.0 (Windows NT 10.0; Win64; x64) AppleWebKit/537.36 (KHTML, like Gecko) Chrome/144.0.0.0 Safari/537.36", path_info: "/api/auth/login/"}. Updated existing record in the database.
AXES: Locking out {username: "********************", ip_address: "********************", user_agent: "Mozilla/5.0 (Windows NT 10.0; Win64; x64) AppleWebKit/537.36 (KHTML, like Gecko) Chrome/144.0.0.0 Safari/537.36", path_info: "/api/auth/login/"} after repeated login failures.
Unauthorized: /api/auth/login/
AXES: User login failed, running database handler for failure.
AXES: Repeated login failure by {username: "********************", ip_address: "********************", user_agent: "Mozilla/5.0 (Windows NT 10.0; Win64; x64) AppleWebKit/537.36 (KHTML, like Gecko) Chrome/144.0.0.0 Safari/537.36", path_info: "/api/auth/login/"}. Updated existing record in the database.
AXES: Locking out {username: "********************", ip_address: "********************", user_agent: "Mozilla/5.0 (Windows NT 10.0; Win64; x64) AppleWebKit/537.36 (KHTML, like Gecko) Chrome/144.0.0.0 Safari/537.36", path_info: "/api/auth/login/"} after repeated login failures.
Unauthorized: /api/auth/login/
AXES: User login failed, running database handler for failure.
AXES: Repeated login failure by {username: "********************", ip_address: "********************", user_agent: "Mozilla/5.0 (Windows NT 10.0; Win64; x64) AppleWebKit/537.36 (KHTML, like Gecko) Chrome/144.0.0.0 Safari/537.36", path_info: "/api/auth/login/"}. Updated existing record in the database.
AXES: Locking out {username: "********************", ip_address: "********************", user_agent: "Mozilla/5.0 (Windows NT 10.0; Win64; x64) AppleWebKit/537.36 (KHTML, like Gecko) Chrome/144.0.0.0 Safari/537.36", path_info: "/api/auth/login/"} after repeated login failures.
Unauthorized: /api/auth/login/
AXES: User login failed, running database handler for failure.
AXES: Repeated login failure by {username: "********************", ip_address: "********************", user_agent: "Mozilla/5.0 (Windows NT 10.0; Win64; x64) AppleWebKit/537.36 (KHTML, like Gecko) Chrome/144.0.0.0 Safari/537.36", path_info: "/api/auth/login/"}. Updated existing record in the database.
AXES: Locking out {username: "********************", ip_address: "********************", user_agent: "Mozilla/5.0 (Windows NT 10.0; Win64; x64) AppleWebKit/537.36 (KHTML, like Gecko) Chrome/144.0.0.0 Safari/537.36", path_info: "/api/auth/login/"} after repeated login failures.
Unauthorized: /api/auth/login/
AXES: User login failed, running database handler for failure.
AXES: Repeated login failure by {username: "********************", ip_address: "********************", user_agent: "Mozilla/5.0 (Windows NT 10.0; Win64; x64) AppleWebKit/537.36 (KHTML, like Gecko) Chrome/144.0.0.0 Safari/537.36", path_info: "/api/auth/login/"}. Updated existing record in the database.
AXES: Locking out {username: "********************", ip_address: "********************", user_agent: "Mozilla/5.0 (Windows NT 10.0; Win64; x64) AppleWebKit/537.36 (KHTML, like Gecko) Chrome/144.0.0.0 Safari/537.36", path_info: "/api/auth/login/"} after repeated login failures.
Unauthorized: /api/auth/login/
AXES: User login failed, running database handler for failure.
AXES: Repeated login failure by {username: "********************", ip_address: "********************", user_agent: "Mozilla/5.0 (Windows NT 10.0; Win64; x64) AppleWebKit/537.36 (KHTML, like Gecko) Chrome/144.0.0.0 Safari/537.36", path_info: "/api/auth/login/"}. Updated existing record in the database.
AXES: Locking out {username: "********************", ip_address: "********************", user_agent: "Mozilla/5.0 (Windows NT 10.0; Win64; x64) AppleWebKit/537.36 (KHTML, like Gecko) Chrome/144.0.0.0 Safari/537.36", path_info: "/api/auth/login/"} after repeated login failures.
Unauthorized: /api/auth/login/
AXES: User login failed, running database handler for failure.
AXES: Repeated login failure by {username: "********************", ip_address: "********************", user_agent: "Mozilla/5.0 (Windows NT 10.0; Win64; x64) AppleWebKit/537.36 (KHTML, like Gecko) Chrome/144.0.0.0 Safari/537.36", path_info: "/api/auth/login/"}. Updated existing record in the database.
AXES: Locking out {username: "********************", ip_address: "********************", user_agent: "Mozilla/5.0 (Windows NT 10.0; Win64; x64) AppleWebKit/537.36 (KHTML, like Gecko) Chrome/144.0.0.0 Safari/537.36", path_info: "/api/auth/login/"} after repeated login failures.
Unauthorized: /api/auth/login/
AXES: User login failed, running database handler for failure.
AXES: Repeated login failure by {username: "********************", ip_address: "********************", user_agent: "Mozilla/5.0 (Windows NT 10.0; Win64; x64) AppleWebKit/537.36 (KHTML, like Gecko) Chrome/144.0.0.0 Safari/537.36", path_info: "/api/auth/login/"}. Updated existing record in the database.
AXES: Locking out {username: "********************", ip_address: "********************", user_agent: "Mozilla/5.0 (Windows NT 10.0; Win64; x64) AppleWebKit/537.36 (KHTML, like Gecko) Chrome/144.0.0.0 Safari/537.36", path_info: "/api/auth/login/"} after repeated login failures.
Unauthorized: /api/auth/login/
AXES: User login failed, running database handler for failure.
AXES: Repeated login failure by {username: "********************", ip_address: "********************", user_agent: "Mozilla/5.0 (Windows NT 10.0; Win64; x64) AppleWebKit/537.36 (KHTML, like Gecko) Chrome/144.0.0.0 Safari/537.36", path_info: "/api/auth/login/"}. Updated existing record in the database.
AXES: Locking out {username: "********************", ip_address: "********************", user_agent: "Mozilla/5.0 (Windows NT 10.0; Win64; x64) AppleWebKit/537.36 (KHTML, like Gecko) Chrome/144.0.0.0 Safari/537.36", path_info: "/api/auth/login/"} after repeated login failures.
Unauthorized: /api/auth/login/
AXES: User login failed, running database handler for failure.
AXES: Repeated login failure by {username: "********************", ip_address: "********************", user_agent: "Mozilla/5.0 (Windows NT 10.0; Win64; x64) AppleWebKit/537.36 (KHTML, like Gecko) Chrome/144.0.0.0 Safari/537.36", path_info: "/api/auth/login/"}. Updated existing record in the database.
AXES: Locking out {username: "********************", ip_address: "********************", user_agent: "Mozilla/5.0 (Windows NT 10.0; Win64; x64) AppleWebKit/537.36 (KHTML, like Gecko) Chrome/144.0.0.0 Safari/537.36", path_info: "/api/auth/login/"} after repeated login failures.
Unauthorized: /api/auth/login/
AXES: User login failed, running database handler for failure.
AXES: Repeated login failure by {username: "********************", ip_address: "********************", user_agent: "Mozilla/5.0 (Windows NT 10.0; Win64; x64) AppleWebKit/537.36 (KHTML, like Gecko) Chrome/144.0.0.0 Safari/537.36", path_info: "/api/auth/login/"}. Updated existing record in the database.
AXES: Locking out {username: "********************", ip_address: "********************", user_agent: "Mozilla/5.0 (Windows NT 10.0; Win64; x64) AppleWebKit/537.36 (KHTML, like Gecko) Chrome/144.0.0.0 Safari/537.36", path_info: "/api/auth/login/"} after repeated login failures.
Unauthorized: /api/auth/login/
AXES: User login failed, running database handler for failure.
AXES: Repeated login failure by {username: "********************", ip_address: "********************", user_agent: "Mozilla/5.0 (Windows NT 10.0; Win64; x64) AppleWebKit/537.36 (KHTML, like Gecko) Chrome/144.0.0.0 Safari/537.36", path_info: "/api/auth/login/"}. Updated existing record in the database.
AXES: Locking out {username: "********************", ip_address: "********************", user_agent: "Mozilla/5.0 (Windows NT 10.0; Win64; x64) AppleWebKit/537.36 (KHTML, like Gecko) Chrome/144.0.0.0 Safari/537.36", path_info: "/api/auth/login/"} after repeated login failures.
Unauthorized: /api/auth/login/
AXES: User login failed, running database handler for failure.
AXES: Repeated login failure by {username: "********************", ip_address: "********************", user_agent: "Mozilla/5.0 (Windows NT 10.0; Win64; x64) AppleWebKit/537.36 (KHTML, like Gecko) Chrome/144.0.0.0 Safari/537.36", path_info: "/api/auth/login/"}. Updated existing record in the database.
AXES: Locking out {username: "********************", ip_address: "********************", user_agent: "Mozilla/5.0 (Windows NT 10.0; Win64; x64) AppleWebKit/537.36 (KHTML, like Gecko) Chrome/144.0.0.0 Safari/537.36", path_info: "/api/auth/login/"} after repeated login failures.
Unauthorized: /api/auth/login/
AXES: User login failed, running database handler for failure.
AXES: Repeated login failure by {username: "********************", ip_address: "********************", user_agent: "Mozilla/5.0 (Windows NT 10.0; Win64; x64) AppleWebKit/537.36 (KHTML, like Gecko) Chrome/144.0.0.0 Safari/537.36", path_info: "/api/auth/login/"}. Updated existing record in the database.
AXES: Locking out {username: "********************", ip_address: "********************", user_agent: "Mozilla/5.0 (Windows NT 10.0; Win64; x64) AppleWebKit/537.36 (KHTML, like Gecko) Chrome/144.0.0.0 Safari/537.36", path_info: "/api/auth/login/"} after repeated login failures.
Unauthorized: /api/auth/login/
AXES: BEGIN version 8.1.0, blocking by ip_address
AXES: BEGIN version 8.1.0, blocking by ip_address
AXES: BEGIN version 8.1.0, blocking by ip_address
AXES: BEGIN version 8.1.0, blocking by ip_address
AXES: BEGIN version 8.1.0, blocking by ip_address
AXES: User login failed, running database handler for failure.
AXES: Repeated login failure by {username: "********************", ip_address: "********************", user_agent: "Mozilla/5.0 (Windows NT 10.0; Win64; x64) AppleWebKit/537.36 (KHTML, like Gecko) Chrome/144.0.0.0 Safari/537.36", path_info: "/api/auth/login/"}. Updated existing record in the database.
AXES: Locking out {username: "********************", ip_address: "********************", user_agent: "Mozilla/5.0 (Windows NT 10.0; Win64; x64) AppleWebKit/537.36 (KHTML, like Gecko) Chrome/144.0.0.0 Safari/537.36", path_info: "/api/auth/login/"} after repeated login failures.
Unauthorized: /api/auth/login/
AXES: User login failed, running database handler for failure.
AXES: Repeated login failure by {username: "********************", ip_address: "********************", user_agent: "Mozilla/5.0 (Windows NT 10.0; Win64; x64) AppleWebKit/537.36 (KHTML, like Gecko) Chrome/144.0.0.0 Safari/537.36", path_info: "/api/auth/login/"}. Updated existing record in the database.
AXES: Locking out {username: "********************", ip_address: "********************", user_agent: "Mozilla/5.0 (Windows NT 10.0; Win64; x64) AppleWebKit/537.36 (KHTML, like Gecko) Chrome/144.0.0.0 Safari/537.36", path_info: "/api/auth/login/"} after repeated login failures.
Unauthorized: /api/auth/login/
AXES: User login failed, running database handler for failure.
AXES: Repeated login failure by {username: "********************", ip_address: "********************", user_agent: "Mozilla/5.0 (Windows NT 10.0; Win64; x64) AppleWebKit/537.36 (KHTML, like Gecko) Chrome/144.0.0.0 Safari/537.36", path_info: "/api/auth/login/"}. Updated existing record in the database.
AXES: Locking out {username: "********************", ip_address: "********************", user_agent: "Mozilla/5.0 (Windows NT 10.0; Win64; x64) AppleWebKit/537.36 (KHTML, like Gecko) Chrome/144.0.0.0 Safari/537.36", path_info: "/api/auth/login/"} after repeated login failures.
Unauthorized: /api/auth/login/
C:\Users\Hamza\Downloads\hainan-builder-portal\code\hainan-builder-portal\backend\config\settings.py changed, reloading.
AXES: BEGIN version 8.1.0, blocking by ip_address
Watching for file changes with StatReloader
AXES: BEGIN version 8.1.0, blocking by ip_address
AXES: BEGIN version 8.1.0, blocking by ip_address
AXES: BEGIN version 8.1.0, blocking by ip_address
Bad Request: /api/auth/login/
AXES: User login failed, running database handler for failure.
AXES: Repeated login failure by {username: "********************", ip_address: "********************", user_agent: "Mozilla/5.0 (Windows NT 10.0; Win64; x64) AppleWebKit/537.36 (KHTML, like Gecko) Chrome/144.0.0.0 Safari/537.36", path_info: "/api/auth/login/"}. Updated existing record in the database.
AXES: Locking out {username: "********************", ip_address: "********************", user_agent: "Mozilla/5.0 (Windows NT 10.0; Win64; x64) AppleWebKit/537.36 (KHTML, like Gecko) Chrome/144.0.0.0 Safari/537.36", path_info: "/api/auth/login/"} after repeated login failures.
Unauthorized: /api/auth/login/
C:\Users\Hamza\Downloads\hainan-builder-portal\code\hainan-builder-portal\backend\config\settings.py changed, reloading.
AXES: BEGIN version 8.1.0, blocking by ip_address
Watching for file changes with StatReloader
AXES: User login failed, running database handler for failure.
AXES: Repeated login failure by {username: "********************", ip_address: "********************", user_agent: "Mozilla/5.0 (Windows NT 10.0; Win64; x64) AppleWebKit/537.36 (KHTML, like Gecko) Chrome/144.0.0.0 Safari/537.36", path_info: "/api/auth/login/"}. Updated existing record in the database.
AXES: Locking out {username: "********************", ip_address: "********************", user_agent: "Mozilla/5.0 (Windows NT 10.0; Win64; x64) AppleWebKit/537.36 (KHTML, like Gecko) Chrome/144.0.0.0 Safari/537.36", path_info: "/api/auth/login/"} after repeated login failures.
Unauthorized: /api/auth/login/
C:\Users\Hamza\Downloads\hainan-builder-portal\code\hainan-builder-portal\backend\accounts\serializers.py changed, reloading.
AXES: BEGIN version 8.1.0, blocking by ip_address
Watching for file changes with StatReloader
C:\Users\Hamza\Downloads\hainan-builder-portal\code\hainan-builder-portal\backend\config\settings.py changed, reloading.
AXES: BEGIN version 8.1.0, blocking by ip_address
Watching for file changes with StatReloader
AXES: BEGIN version 8.1.0, blocking by ip_address
AXES: BEGIN version 8.1.0, blocking by ip_address
Watching for file changes with StatReloader
C:\Users\Hamza\Downloads\hainan-builder-portal\code\hainan-builder-portal\backend\accounts\serializers.py changed, reloading.
C:\Users\Hamza\Downloads\hainan-builder-portal\code\hainan-builder-portal\backend\accounts\serializers.py changed, reloading.
AXES: BEGIN version 8.1.0, blocking by ip_address
Watching for file changes with StatReloader
AXES: BEGIN version 8.1.0, blocking by ip_address
Watching for file changes with StatReloader
Internal Server Error: /api/auth/login/
Traceback (most recent call last):
  File "C:\Users\Hamza\miniconda3\Lib\site-packages\django\core\handlers\exception.py", line 55, in inner
    response = get_response(request)
  File "C:\Users\Hamza\miniconda3\Lib\site-packages\django\core\handlers\base.py", line 197, in _get_response
    response = wrapped_callback(request, *callback_args, **callback_kwargs)
  File "C:\Users\Hamza\miniconda3\Lib\site-packages\django\views\decorators\csrf.py", line 65, in _view_wrapper
    return view_func(request, *args, **kwargs)
  File "C:\Users\Hamza\miniconda3\Lib\site-packages\django\views\generic\base.py", line 105, in view
    return self.dispatch(request, *args, **kwargs)
           ~~~~~~~~~~~~~^^^^^^^^^^^^^^^^^^^^^^^^^^
  File "C:\Users\Hamza\miniconda3\Lib\site-packages\rest_framework\views.py", line 515, in dispatch
    response = self.handle_exception(exc)
  File "C:\Users\Hamza\miniconda3\Lib\site-packages\rest_framework\views.py", line 475, in handle_exception
    self.raise_uncaught_exception(exc)
    ~~~~~~~~~~~~~~~~~~~~~~~~~~~~~^^^^^
  File "C:\Users\Hamza\miniconda3\Lib\site-packages\rest_framework\views.py", line 486, in raise_uncaught_exception
    raise exc
  File "C:\Users\Hamza\miniconda3\Lib\site-packages\rest_framework\views.py", line 512, in dispatch
    response = handler(request, *args, **kwargs)
  File "c:\Users\Hamza\Downloads\hainan-builder-portal\code\hainan-builder-portal\backend\accounts\views.py", line 55, in post
    response = super().post(request, *args, **kwargs)
  File "C:\Users\Hamza\miniconda3\Lib\site-packages\rest_framework_simplejwt\views.py", line 46, in post
    serializer.is_valid(raise_exception=True)
    ~~~~~~~~~~~~~~~~~~~^^^^^^^^^^^^^^^^^^^^^^
  File "C:\Users\Hamza\miniconda3\Lib\site-packages\rest_framework\serializers.py", line 225, in is_valid
    self._validated_data = self.run_validation(self.initial_data)
                           ~~~~~~~~~~~~~~~~~~~^^^^^^^^^^^^^^^^^^^
  File "C:\Users\Hamza\miniconda3\Lib\site-packages\rest_framework\serializers.py", line 447, in run_validation
    value = self.validate(value)
  File "c:\Users\Hamza\Downloads\hainan-builder-portal\code\hainan-builder-portal\backend\accounts\serializers.py", line 84, in validate
    return super().validate(attrs)
           ~~~~~~~~~~~~~~~~^^^^^^^
  File "C:\Users\Hamza\miniconda3\Lib\site-packages\rest_framework_simplejwt\serializers.py", line 73, in validate
    data = super().validate(attrs)
  File "C:\Users\Hamza\miniconda3\Lib\site-packages\rest_framework_simplejwt\serializers.py", line 46, in validate
    self.username_field: attrs[self.username_field],
                         ~~~~~^^^^^^^^^^^^^^^^^^^^^
KeyError: 'email'
Internal Server Error: /api/auth/login/
Traceback (most recent call last):
  File "C:\Users\Hamza\miniconda3\Lib\site-packages\django\core\handlers\exception.py", line 55, in inner
    response = get_response(request)
  File "C:\Users\Hamza\miniconda3\Lib\site-packages\django\core\handlers\base.py", line 197, in _get_response
    response = wrapped_callback(request, *callback_args, **callback_kwargs)
  File "C:\Users\Hamza\miniconda3\Lib\site-packages\django\views\decorators\csrf.py", line 65, in _view_wrapper
    return view_func(request, *args, **kwargs)
  File "C:\Users\Hamza\miniconda3\Lib\site-packages\django\views\generic\base.py", line 105, in view
    return self.dispatch(request, *args, **kwargs)
           ~~~~~~~~~~~~~^^^^^^^^^^^^^^^^^^^^^^^^^^
  File "C:\Users\Hamza\miniconda3\Lib\site-packages\rest_framework\views.py", line 515, in dispatch
    response = self.handle_exception(exc)
  File "C:\Users\Hamza\miniconda3\Lib\site-packages\rest_framework\views.py", line 475, in handle_exception
    self.raise_uncaught_exception(exc)
    ~~~~~~~~~~~~~~~~~~~~~~~~~~~~~^^^^^
  File "C:\Users\Hamza\miniconda3\Lib\site-packages\rest_framework\views.py", line 486, in raise_uncaught_exception
    raise exc
  File "C:\Users\Hamza\miniconda3\Lib\site-packages\rest_framework\views.py", line 512, in dispatch
    response = handler(request, *args, **kwargs)
  File "c:\Users\Hamza\Downloads\hainan-builder-portal\code\hainan-builder-portal\backend\accounts\views.py", line 55, in post
    response = super().post(request, *args, **kwargs)
  File "C:\Users\Hamza\miniconda3\Lib\site-packages\rest_framework_simplejwt\views.py", line 46, in post
    serializer.is_valid(raise_exception=True)
    ~~~~~~~~~~~~~~~~~~~^^^^^^^^^^^^^^^^^^^^^^
  File "C:\Users\Hamza\miniconda3\Lib\site-packages\rest_framework\serializers.py", line 225, in is_valid
    self._validated_data = self.run_validation(self.initial_data)
                           ~~~~~~~~~~~~~~~~~~~^^^^^^^^^^^^^^^^^^^
  File "C:\Users\Hamza\miniconda3\Lib\site-packages\rest_framework\serializers.py", line 447, in run_validation
    value = self.validate(value)
  File "c:\Users\Hamza\Downloads\hainan-builder-portal\code\hainan-builder-portal\backend\accounts\serializers.py", line 84, in validate
    return super().validate(attrs)
           ~~~~~~~~~~~~~~~~^^^^^^^
  File "C:\Users\Hamza\miniconda3\Lib\site-packages\rest_framework_simplejwt\serializers.py", line 73, in validate
    data = super().validate(attrs)
  File "C:\Users\Hamza\miniconda3\Lib\site-packages\rest_framework_simplejwt\serializers.py", line 46, in validate
    self.username_field: attrs[self.username_field],
                         ~~~~~^^^^^^^^^^^^^^^^^^^^^
KeyError: 'email'
C:\Users\Hamza\Downloads\hainan-builder-portal\code\hainan-builder-portal\backend\accounts\serializers.py changed, reloading.
C:\Users\Hamza\Downloads\hainan-builder-portal\code\hainan-builder-portal\backend\accounts\serializers.py changed, reloading.
AXES: BEGIN version 8.1.0, blocking by ip_address
AXES: BEGIN version 8.1.0, blocking by ip_address
Watching for file changes with StatReloader
Watching for file changes with StatReloader
AXES: User login failed, running database handler for failure.
AXES: Repeated login failure by {username: "********************", ip_address: "********************", user_agent: "Mozilla/5.0 (Windows NT 10.0; Win64; x64) AppleWebKit/537.36 (KHTML, like Gecko) Chrome/144.0.0.0 Safari/537.36", path_info: "/api/auth/login/"}. Updated existing record in the database.
AXES: Locking out {username: "********************", ip_address: "********************", user_agent: "Mozilla/5.0 (Windows NT 10.0; Win64; x64) AppleWebKit/537.36 (KHTML, like Gecko) Chrome/144.0.0.0 Safari/537.36", path_info: "/api/auth/login/"} after repeated login failures.
Unauthorized: /api/auth/login/
AXES: User login failed, running database handler for failure.
AXES: Repeated login failure by {username: "********************", ip_address: "********************", user_agent: "Mozilla/5.0 (Windows NT 10.0; Win64; x64) AppleWebKit/537.36 (KHTML, like Gecko) Chrome/144.0.0.0 Safari/537.36", path_info: "/api/auth/login/"}. Updated existing record in the database.
AXES: Locking out {username: "********************", ip_address: "********************", user_agent: "Mozilla/5.0 (Windows NT 10.0; Win64; x64) AppleWebKit/537.36 (KHTML, like Gecko) Chrome/144.0.0.0 Safari/537.36", path_info: "/api/auth/login/"} after repeated login failures.
Unauthorized: /api/auth/login/
AXES: BEGIN version 8.1.0, blocking by ip_address
AXES: BEGIN version 8.1.0, blocking by ip_address
AXES: BEGIN version 8.1.0, blocking by ip_address
Internal Server Error: /api/auth/me/
Traceback (most recent call last):
  File "C:\Users\Hamza\miniconda3\Lib\site-packages\django\core\handlers\exception.py", line 55, in inner
    response = get_response(request)
  File "C:\Users\Hamza\miniconda3\Lib\site-packages\django\core\handlers\base.py", line 197, in _get_response
    response = wrapped_callback(request, *callback_args, **callback_kwargs)
  File "C:\Users\Hamza\miniconda3\Lib\site-packages\django\views\decorators\csrf.py", line 65, in _view_wrapper
    return view_func(request, *args, **kwargs)
  File "C:\Users\Hamza\miniconda3\Lib\site-packages\django\views\generic\base.py", line 105, in view
    return self.dispatch(request, *args, **kwargs)
           ~~~~~~~~~~~~~^^^^^^^^^^^^^^^^^^^^^^^^^^
  File "C:\Users\Hamza\miniconda3\Lib\site-packages\rest_framework\views.py", line 515, in dispatch
    response = self.handle_exception(exc)
  File "C:\Users\Hamza\miniconda3\Lib\site-packages\rest_framework\views.py", line 475, in handle_exception
    self.raise_uncaught_exception(exc)
    ~~~~~~~~~~~~~~~~~~~~~~~~~~~~~^^^^^
  File "C:\Users\Hamza\miniconda3\Lib\site-packages\rest_framework\views.py", line 486, in raise_uncaught_exception
    raise exc
  File "C:\Users\Hamza\miniconda3\Lib\site-packages\rest_framework\views.py", line 512, in dispatch
    response = handler(request, *args, **kwargs)
  File "C:\Users\Hamza\miniconda3\Lib\site-packages\rest_framework\generics.py", line 212, in get
    return self.retrieve(request, *args, **kwargs)
           ~~~~~~~~~~~~~^^^^^^^^^^^^^^^^^^^^^^^^^^
  File "C:\Users\Hamza\miniconda3\Lib\site-packages\rest_framework\mixins.py", line 56, in retrieve
    return Response(serializer.data)
                    ^^^^^^^^^^^^^^^
  File "C:\Users\Hamza\miniconda3\Lib\site-packages\rest_framework\serializers.py", line 573, in data
    ret = super().data
          ^^^^^^^^^^^^
  File "C:\Users\Hamza\miniconda3\Lib\site-packages\rest_framework\serializers.py", line 251, in data
    self._data = self.to_representation(self.instance)
                 ~~~~~~~~~~~~~~~~~~~~~~^^^^^^^^^^^^^^^
  File "C:\Users\Hamza\miniconda3\Lib\site-packages\rest_framework\serializers.py", line 525, in to_representation
    for field in fields:
                 ^^^^^^
  File "C:\Users\Hamza\miniconda3\Lib\site-packages\rest_framework\serializers.py", line 386, in _readable_fields
    for field in self.fields.values():
                 ^^^^^^^^^^^
  File "C:\Users\Hamza\miniconda3\Lib\site-packages\django\utils\functional.py", line 47, in __get__
    res = instance.__dict__[self.name] = self.func(instance)
                                         ~~~~~~~~~^^^^^^^^^^
  File "C:\Users\Hamza\miniconda3\Lib\site-packages\rest_framework\serializers.py", line 374, in fields
    for key, value in self.get_fields().items():
                      ~~~~~~~~~~~~~~~^^
  File "C:\Users\Hamza\miniconda3\Lib\site-packages\rest_framework\serializers.py", line 1080, in get_fields
    info = model_meta.get_field_info(model)
  File "C:\Users\Hamza\miniconda3\Lib\site-packages\rest_framework\utils\model_meta.py", line 35, in get_field_info
    opts = model._meta.concrete_model._meta
           ^^^^^^^^^^^
AttributeError: 'NoneType' object has no attribute '_meta'
AXES: User login failed, running database handler for failure.
AXES: New login failure by {username: "********************", ip_address: "********************", user_agent: "Mozilla/5.0 (Windows NT 10.0; Win64; x64) AppleWebKit/537.36 (KHTML, like Gecko) Chrome/144.0.0.0 Safari/537.36", path_info: "/api/auth/login/"}. Created new record in the database.
Unauthorized: /api/auth/login/
AXES: User login failed, running database handler for failure.
AXES: Repeated login failure by {username: "********************", ip_address: "********************", user_agent: "Mozilla/5.0 (Windows NT 10.0; Win64; x64) AppleWebKit/537.36 (KHTML, like Gecko) Chrome/144.0.0.0 Safari/537.36", path_info: "/api/auth/login/"}. Updated existing record in the database.
Unauthorized: /api/auth/login/
AXES: User login failed, running database handler for failure.
AXES: Repeated login failure by {username: "********************", ip_address: "********************", user_agent: "Mozilla/5.0 (Windows NT 10.0; Win64; x64) AppleWebKit/537.36 (KHTML, like Gecko) Chrome/144.0.0.0 Safari/537.36", path_info: "/api/auth/login/"}. Updated existing record in the database.
AXES: Locking out {username: "********************", ip_address: "********************", user_agent: "Mozilla/5.0 (Windows NT 10.0; Win64; x64) AppleWebKit/537.36 (KHTML, like Gecko) Chrome/144.0.0.0 Safari/537.36", path_info: "/api/auth/login/"} after repeated login failures.
Unauthorized: /api/auth/login/
AXES: User login failed, running database handler for failure.
AXES: Repeated login failure by {username: "********************", ip_address: "********************", user_agent: "Mozilla/5.0 (Windows NT 10.0; Win64; x64) AppleWebKit/537.36 (KHTML, like Gecko) Chrome/144.0.0.0 Safari/537.36", path_info: "/api/auth/login/"}. Updated existing record in the database.
AXES: Locking out {username: "********************", ip_address: "********************", user_agent: "Mozilla/5.0 (Windows NT 10.0; Win64; x64) AppleWebKit/537.36 (KHTML, like Gecko) Chrome/144.0.0.0 Safari/537.36", path_info: "/api/auth/login/"} after repeated login failures.
Unauthorized: /api/auth/login/
C:\Users\Hamza\Downloads\hainan-builder-portal\code\hainan-builder-portal\backend\accounts\serializers.py changed, reloading.
C:\Users\Hamza\Downloads\hainan-builder-portal\code\hainan-builder-portal\backend\accounts\serializers.py changed, reloading.
AXES: BEGIN version 8.1.0, blocking by ip_address
Watching for file changes with StatReloader
AXES: BEGIN version 8.1.0, blocking by ip_address
Watching for file changes with StatReloader
C:\Users\Hamza\Downloads\hainan-builder-portal\code\hainan-builder-portal\backend\accounts\serializers.py changed, reloading.
C:\Users\Hamza\Downloads\hainan-builder-portal\code\hainan-builder-portal\backend\accounts\serializers.py changed, reloading.
AXES: BEGIN version 8.1.0, blocking by ip_address
AXES: BEGIN version 8.1.0, blocking by ip_address
Watching for file changes with StatReloader
Watching for file changes with StatReloader
AXES: BEGIN version 8.1.0, blocking by ip_address
AXES: User login failed, running database handler for failure.
AXES: New login failure by {username: "********************", ip_address: "********************", user_agent: "Mozilla/5.0 (Windows NT 10.0; Win64; x64) AppleWebKit/537.36 (KHTML, like Gecko) Chrome/144.0.0.0 Safari/537.36", path_info: "/api/auth/login/"}. Created new record in the database.
Unauthorized: /api/auth/login/
AXES: User login failed, running database handler for failure.
AXES: Repeated login failure by {username: "********************", ip_address: "********************", user_agent: "Mozilla/5.0 (Windows NT 10.0; Win64; x64) AppleWebKit/537.36 (KHTML, like Gecko) Chrome/144.0.0.0 Safari/537.36", path_info: "/api/auth/login/"}. Updated existing record in the database.
Unauthorized: /api/auth/login/
AXES: BEGIN version 8.1.0, blocking by ip_address
AXES: BEGIN version 8.1.0, blocking by ip_address
AXES: BEGIN version 8.1.0, blocking by ip_address
AXES: User login failed, running database handler for failure.
AXES: New login failure by {username: "********************", ip_address: "********************", user_agent: "Mozilla/5.0 (Windows NT 10.0; Win64; x64) AppleWebKit/537.36 (KHTML, like Gecko) Chrome/144.0.0.0 Safari/537.36", path_info: "/api/auth/login/"}. Created new record in the database.
Unauthorized: /api/auth/login/
AXES: User login failed, running database handler for failure.
AXES: Repeated login failure by {username: "********************", ip_address: "********************", user_agent: "Mozilla/5.0 (Windows NT 10.0; Win64; x64) AppleWebKit/537.36 (KHTML, like Gecko) Chrome/144.0.0.0 Safari/537.36", path_info: "/api/auth/login/"}. Updated existing record in the database.
Unauthorized: /api/auth/login/
C:\Users\Hamza\Downloads\hainan-builder-portal\code\hainan-builder-portal\backend\accounts\views.py changed, reloading.
AXES: BEGIN version 8.1.0, blocking by ip_address
Watching for file changes with StatReloader
AXES: BEGIN version 8.1.0, blocking by ip_address
AXES: BEGIN version 8.1.0, blocking by ip_address
AXES: BEGIN version 8.1.0, blocking by ip_address
AXES: BEGIN version 8.1.0, blocking by ip_address
Watching for file changes with StatReloader
LOGIN DEBUG - request.data: {'username': 'admin@email.com', 'email': 'admin@email.com', 'password': 'admin1123'}
AXES: User login failed, running database handler for failure.
AXES: New login failure by {username: "********************", ip_address: "********************", user_agent: "Mozilla/5.0 (Windows NT 10.0; Win64; x64) AppleWebKit/537.36 (KHTML, like Gecko) Chrome/144.0.0.0 Safari/537.36", path_info: "/api/auth/login/"}. Created new record in the database.
Unauthorized: /api/auth/login/
LOGIN DEBUG - request.data: {'username': 'admin@email.com', 'email': 'admin@email.com', 'password': 'admin1123'}
AXES: User login failed, running database handler for failure.
AXES: Repeated login failure by {username: "********************", ip_address: "********************", user_agent: "Mozilla/5.0 (Windows NT 10.0; Win64; x64) AppleWebKit/537.36 (KHTML, like Gecko) Chrome/144.0.0.0 Safari/537.36", path_info: "/api/auth/login/"}. Updated existing record in the database.
Unauthorized: /api/auth/login/
LOGIN DEBUG - request.data: {'email': 'admin@email.com', 'password': 'admin123'}
Bad Request: /api/auth/login/
LOGIN DEBUG - request.data: {'username': 'admin@email.com', 'password': 'admin123'}
Bad Request: /api/auth/login/
C:\Users\Hamza\Downloads\hainan-builder-portal\code\hainan-builder-portal\backend\accounts\models.py changed, reloading.
Watching for file changes with StatReloader
C:\Users\Hamza\Downloads\hainan-builder-portal\code\hainan-builder-portal\backend\accounts\models.py changed, reloading.
Watching for file changes with StatReloader
C:\Users\Hamza\Downloads\hainan-builder-portal\code\hainan-builder-portal\backend\accounts\models.py changed, reloading.
AXES: BEGIN version 8.1.0, blocking by ip_address
Watching for file changes with StatReloader
C:\Users\Hamza\Downloads\hainan-builder-portal\code\hainan-builder-portal\backend\accounts\serializers.py changed, reloading.
AXES: BEGIN version 8.1.0, blocking by ip_address
Watching for file changes with StatReloader
LOGIN DEBUG - request.data: {'username': 'admin@email.com', 'email': 'admin@email.com', 'password': 'admin1123'}
AXES: User login failed, running database handler for failure.
AXES: Repeated login failure by {username: "********************", ip_address: "********************", user_agent: "Mozilla/5.0 (Windows NT 10.0; Win64; x64) AppleWebKit/537.36 (KHTML, like Gecko) Chrome/144.0.0.0 Safari/537.36", path_info: "/api/auth/login/"}. Updated existing record in the database.
AXES: Locking out {username: "********************", ip_address: "********************", user_agent: "Mozilla/5.0 (Windows NT 10.0; Win64; x64) AppleWebKit/537.36 (KHTML, like Gecko) Chrome/144.0.0.0 Safari/537.36", path_info: "/api/auth/login/"} after repeated login failures.
Unauthorized: /api/auth/login/
LOGIN DEBUG - request.data: {'username': 'admin@email.com', 'email': 'admin@email.com', 'password': 'admin1123'}
AXES: User login failed, running database handler for failure.
AXES: Repeated login failure by {username: "********************", ip_address: "********************", user_agent: "Mozilla/5.0 (Windows NT 10.0; Win64; x64) AppleWebKit/537.36 (KHTML, like Gecko) Chrome/144.0.0.0 Safari/537.36", path_info: "/api/auth/login/"}. Updated existing record in the database.
AXES: Locking out {username: "********************", ip_address: "********************", user_agent: "Mozilla/5.0 (Windows NT 10.0; Win64; x64) AppleWebKit/537.36 (KHTML, like Gecko) Chrome/144.0.0.0 Safari/537.36", path_info: "/api/auth/login/"} after repeated login failures.
Unauthorized: /api/auth/login/
LOGIN DEBUG - request.data: {'email': 'admin@email.com', 'password': 'admin123'}
AXES: User login failed, running database handler for failure.
AXES: Repeated login failure by {username: "********************", ip_address: "********************", user_agent: "Mozilla/5.0 (Windows NT 10.0; Win64; x64) AppleWebKit/537.36 (KHTML, like Gecko) Chrome/144.0.0.0 Safari/537.36", path_info: "/api/auth/login/"}. Updated existing record in the database.
AXES: Locking out {username: "********************", ip_address: "********************", user_agent: "Mozilla/5.0 (Windows NT 10.0; Win64; x64) AppleWebKit/537.36 (KHTML, like Gecko) Chrome/144.0.0.0 Safari/537.36", path_info: "/api/auth/login/"} after repeated login failures.
Unauthorized: /api/auth/login/
AXES: BEGIN version 8.1.0, blocking by ip_address
AXES: BEGIN version 8.1.0, blocking by ip_address
AXES: BEGIN version 8.1.0, blocking by ip_address
Watching for file changes with StatReloader
LOGIN DEBUG - request.data: {'username': 'user@example.com', 'email': 'user@example.com', 'password': 'string'}
AXES: User login failed, running database handler for failure.
AXES: New login failure by {username: "********************", ip_address: "********************", user_agent: "Mozilla/5.0 (Windows NT 10.0; Win64; x64) AppleWebKit/537.36 (KHTML, like Gecko) Chrome/144.0.0.0 Safari/537.36", path_info: "/api/auth/login/"}. Created new record in the database.
AXES: Locking out {username: "********************", ip_address: "********************", user_agent: "Mozilla/5.0 (Windows NT 10.0; Win64; x64) AppleWebKit/537.36 (KHTML, like Gecko) Chrome/144.0.0.0 Safari/537.36", path_info: "/api/auth/login/"} after repeated login failures.
Unauthorized: /api/auth/login/
LOGIN DEBUG - request.data: {'username': 'user@example.com', 'email': 'user@example.com', 'password': 'string'}
AXES: User login failed, running database handler for failure.
AXES: Repeated login failure by {username: "********************", ip_address: "********************", user_agent: "Mozilla/5.0 (Windows NT 10.0; Win64; x64) AppleWebKit/537.36 (KHTML, like Gecko) Chrome/144.0.0.0 Safari/537.36", path_info: "/api/auth/login/"}. Updated existing record in the database.
AXES: Locking out {username: "********************", ip_address: "********************", user_agent: "Mozilla/5.0 (Windows NT 10.0; Win64; x64) AppleWebKit/537.36 (KHTML, like Gecko) Chrome/144.0.0.0 Safari/537.36", path_info: "/api/auth/login/"} after repeated login failures.
Unauthorized: /api/auth/login/
LOGIN DEBUG - request.data: {'username': 'user@example.com', 'email': 'user@example.com', 'password': 'string'}
AXES: User login failed, running database handler for failure.
AXES: Repeated login failure by {username: "********************", ip_address: "********************", user_agent: "Mozilla/5.0 (Windows NT 10.0; Win64; x64) AppleWebKit/537.36 (KHTML, like Gecko) Chrome/144.0.0.0 Safari/537.36", path_info: "/api/auth/login/"}. Updated existing record in the database.
AXES: Locking out {username: "********************", ip_address: "********************", user_agent: "Mozilla/5.0 (Windows NT 10.0; Win64; x64) AppleWebKit/537.36 (KHTML, like Gecko) Chrome/144.0.0.0 Safari/537.36", path_info: "/api/auth/login/"} after repeated login failures.
Unauthorized: /api/auth/login/
LOGIN DEBUG - request.data: {'username': 'user@example.com', 'email': 'user@example.com', 'password': 'string'}
AXES: User login failed, running database handler for failure.
AXES: Repeated login failure by {username: "********************", ip_address: "********************", user_agent: "Mozilla/5.0 (Windows NT 10.0; Win64; x64) AppleWebKit/537.36 (KHTML, like Gecko) Chrome/144.0.0.0 Safari/537.36", path_info: "/api/auth/login/"}. Updated existing record in the database.
AXES: Locking out {username: "********************", ip_address: "********************", user_agent: "Mozilla/5.0 (Windows NT 10.0; Win64; x64) AppleWebKit/537.36 (KHTML, like Gecko) Chrome/144.0.0.0 Safari/537.36", path_info: "/api/auth/login/"} after repeated login failures.
Unauthorized: /api/auth/login/
LOGIN DEBUG - request.data: {'username': 'admin@example.com', 'email': 'admin@example.com', 'password': 'string'}
AXES: User login failed, running database handler for failure.
AXES: New login failure by {username: "********************", ip_address: "********************", user_agent: "Mozilla/5.0 (Windows NT 10.0; Win64; x64) AppleWebKit/537.36 (KHTML, like Gecko) Chrome/144.0.0.0 Safari/537.36", path_info: "/api/auth/login/"}. Created new record in the database.
AXES: Locking out {username: "********************", ip_address: "********************", user_agent: "Mozilla/5.0 (Windows NT 10.0; Win64; x64) AppleWebKit/537.36 (KHTML, like Gecko) Chrome/144.0.0.0 Safari/537.36", path_info: "/api/auth/login/"} after repeated login failures.
Unauthorized: /api/auth/login/
LOGIN DEBUG - request.data: {'username': 'admin@example.com', 'email': 'admin@example.com', 'password': 'string'}
AXES: User login failed, running database handler for failure.
AXES: Repeated login failure by {username: "********************", ip_address: "********************", user_agent: "Mozilla/5.0 (Windows NT 10.0; Win64; x64) AppleWebKit/537.36 (KHTML, like Gecko) Chrome/144.0.0.0 Safari/537.36", path_info: "/api/auth/login/"}. Updated existing record in the database.
AXES: Locking out {username: "********************", ip_address: "********************", user_agent: "Mozilla/5.0 (Windows NT 10.0; Win64; x64) AppleWebKit/537.36 (KHTML, like Gecko) Chrome/144.0.0.0 Safari/537.36", path_info: "/api/auth/login/"} after repeated login failures.
Unauthorized: /api/auth/login/
LOGIN DEBUG - request.data: {'username': 'admin@example.com', 'email': 'admin@example.com', 'password': 'string'}
AXES: User login failed, running database handler for failure.
AXES: Repeated login failure by {username: "********************", ip_address: "********************", user_agent: "Mozilla/5.0 (Windows NT 10.0; Win64; x64) AppleWebKit/537.36 (KHTML, like Gecko) Chrome/144.0.0.0 Safari/537.36", path_info: "/api/auth/login/"}. Updated existing record in the database.
AXES: Locking out {username: "********************", ip_address: "********************", user_agent: "Mozilla/5.0 (Windows NT 10.0; Win64; x64) AppleWebKit/537.36 (KHTML, like Gecko) Chrome/144.0.0.0 Safari/537.36", path_info: "/api/auth/login/"} after repeated login failures.
Unauthorized: /api/auth/login/
LOGIN DEBUG - request.data: {'username': 'admin@example.com', 'email': 'admin@example.com', 'password': 'string'}
AXES: User login failed, running database handler for failure.
AXES: Repeated login failure by {username: "********************", ip_address: "********************", user_agent: "Mozilla/5.0 (Windows NT 10.0; Win64; x64) AppleWebKit/537.36 (KHTML, like Gecko) Chrome/144.0.0.0 Safari/537.36", path_info: "/api/auth/login/"}. Updated existing record in the database.
AXES: Locking out {username: "********************", ip_address: "********************", user_agent: "Mozilla/5.0 (Windows NT 10.0; Win64; x64) AppleWebKit/537.36 (KHTML, like Gecko) Chrome/144.0.0.0 Safari/537.36", path_info: "/api/auth/login/"} after repeated login failures.
Unauthorized: /api/auth/login/
LOGIN DEBUG - request.data: {'username': 'admin@example.com', 'email': 'admin@example.com', 'password': 'admin123'}
AXES: User login failed, running database handler for failure.
AXES: Repeated login failure by {username: "********************", ip_address: "********************", user_agent: "Mozilla/5.0 (Windows NT 10.0; Win64; x64) AppleWebKit/537.36 (KHTML, like Gecko) Chrome/144.0.0.0 Safari/537.36", path_info: "/api/auth/login/"}. Updated existing record in the database.
AXES: Locking out {username: "********************", ip_address: "********************", user_agent: "Mozilla/5.0 (Windows NT 10.0; Win64; x64) AppleWebKit/537.36 (KHTML, like Gecko) Chrome/144.0.0.0 Safari/537.36", path_info: "/api/auth/login/"} after repeated login failures.
Unauthorized: /api/auth/login/
LOGIN DEBUG - request.data: {'username': 'admin@example.com', 'email': 'admin@example.com', 'password': 'admin123'}
AXES: User login failed, running database handler for failure.
AXES: Repeated login failure by {username: "********************", ip_address: "********************", user_agent: "Mozilla/5.0 (Windows NT 10.0; Win64; x64) AppleWebKit/537.36 (KHTML, like Gecko) Chrome/144.0.0.0 Safari/537.36", path_info: "/api/auth/login/"}. Updated existing record in the database.
AXES: Locking out {username: "********************", ip_address: "********************", user_agent: "Mozilla/5.0 (Windows NT 10.0; Win64; x64) AppleWebKit/537.36 (KHTML, like Gecko) Chrome/144.0.0.0 Safari/537.36", path_info: "/api/auth/login/"} after repeated login failures.
Unauthorized: /api/auth/login/
LOGIN DEBUG - request.data: {'username': 'admin@example.com', 'email': 'admin@example.com', 'password': 'admin123'}
AXES: User login failed, running database handler for failure.
AXES: Repeated login failure by {username: "********************", ip_address: "********************", user_agent: "Mozilla/5.0 (Windows NT 10.0; Win64; x64) AppleWebKit/537.36 (KHTML, like Gecko) Chrome/144.0.0.0 Safari/537.36", path_info: "/api/auth/login/"}. Updated existing record in the database.
AXES: Locking out {username: "********************", ip_address: "********************", user_agent: "Mozilla/5.0 (Windows NT 10.0; Win64; x64) AppleWebKit/537.36 (KHTML, like Gecko) Chrome/144.0.0.0 Safari/537.36", path_info: "/api/auth/login/"} after repeated login failures.
Unauthorized: /api/auth/login/
LOGIN DEBUG - request.data: {'username': 'admin@example.com', 'email': 'admin@example.com', 'password': 'admin123'}
AXES: User login failed, running database handler for failure.
AXES: Repeated login failure by {username: "********************", ip_address: "********************", user_agent: "Mozilla/5.0 (Windows NT 10.0; Win64; x64) AppleWebKit/537.36 (KHTML, like Gecko) Chrome/144.0.0.0 Safari/537.36", path_info: "/api/auth/login/"}. Updated existing record in the database.
AXES: Locking out {username: "********************", ip_address: "********************", user_agent: "Mozilla/5.0 (Windows NT 10.0; Win64; x64) AppleWebKit/537.36 (KHTML, like Gecko) Chrome/144.0.0.0 Safari/537.36", path_info: "/api/auth/login/"} after repeated login failures.
Unauthorized: /api/auth/login/
LOGIN DEBUG - request.data: {'username': 'admin@example.com', 'email': 'admin@example.com', 'password': 'admin123'}
AXES: User login failed, running database handler for failure.
AXES: Repeated login failure by {username: "********************", ip_address: "********************", user_agent: "Mozilla/5.0 (Windows NT 10.0; Win64; x64) AppleWebKit/537.36 (KHTML, like Gecko) Chrome/144.0.0.0 Safari/537.36", path_info: "/api/auth/login/"}. Updated existing record in the database.
AXES: Locking out {username: "********************", ip_address: "********************", user_agent: "Mozilla/5.0 (Windows NT 10.0; Win64; x64) AppleWebKit/537.36 (KHTML, like Gecko) Chrome/144.0.0.0 Safari/537.36", path_info: "/api/auth/login/"} after repeated login failures.
Unauthorized: /api/auth/login/
LOGIN DEBUG - request.data: {'username': 'admin@example.com', 'email': 'admin@example.com', 'password': 'admin123'}
AXES: User login failed, running database handler for failure.
AXES: Repeated login failure by {username: "********************", ip_address: "********************", user_agent: "Mozilla/5.0 (Windows NT 10.0; Win64; x64) AppleWebKit/537.36 (KHTML, like Gecko) Chrome/144.0.0.0 Safari/537.36", path_info: "/api/auth/login/"}. Updated existing record in the database.
AXES: Locking out {username: "********************", ip_address: "********************", user_agent: "Mozilla/5.0 (Windows NT 10.0; Win64; x64) AppleWebKit/537.36 (KHTML, like Gecko) Chrome/144.0.0.0 Safari/537.36", path_info: "/api/auth/login/"} after repeated login failures.
Unauthorized: /api/auth/login/
LOGIN DEBUG - request.data: {'username': 'admin@example.com', 'email': 'admin@example.com', 'password': 'admin123'}
AXES: User login failed, running database handler for failure.
AXES: Repeated login failure by {username: "********************", ip_address: "********************", user_agent: "Mozilla/5.0 (Windows NT 10.0; Win64; x64) AppleWebKit/537.36 (KHTML, like Gecko) Chrome/144.0.0.0 Safari/537.36", path_info: "/api/auth/login/"}. Updated existing record in the database.
AXES: Locking out {username: "********************", ip_address: "********************", user_agent: "Mozilla/5.0 (Windows NT 10.0; Win64; x64) AppleWebKit/537.36 (KHTML, like Gecko) Chrome/144.0.0.0 Safari/537.36", path_info: "/api/auth/login/"} after repeated login failures.
Unauthorized: /api/auth/login/
LOGIN DEBUG - request.data: {'username': 'admin@example.com', 'email': 'admin@example.com', 'password': 'admin123'}
AXES: User login failed, running database handler for failure.
AXES: Repeated login failure by {username: "********************", ip_address: "********************", user_agent: "Mozilla/5.0 (Windows NT 10.0; Win64; x64) AppleWebKit/537.36 (KHTML, like Gecko) Chrome/144.0.0.0 Safari/537.36", path_info: "/api/auth/login/"}. Updated existing record in the database.
AXES: Locking out {username: "********************", ip_address: "********************", user_agent: "Mozilla/5.0 (Windows NT 10.0; Win64; x64) AppleWebKit/537.36 (KHTML, like Gecko) Chrome/144.0.0.0 Safari/537.36", path_info: "/api/auth/login/"} after repeated login failures.
Unauthorized: /api/auth/login/
LOGIN DEBUG - request.data: {'username': 'admin@example.com', 'email': 'admin@example.com', 'password': 'admin123'}
AXES: User login failed, running database handler for failure.
AXES: Repeated login failure by {username: "********************", ip_address: "********************", user_agent: "Mozilla/5.0 (Windows NT 10.0; Win64; x64) AppleWebKit/537.36 (KHTML, like Gecko) Chrome/144.0.0.0 Safari/537.36", path_info: "/api/auth/login/"}. Updated existing record in the database.
AXES: Locking out {username: "********************", ip_address: "********************", user_agent: "Mozilla/5.0 (Windows NT 10.0; Win64; x64) AppleWebKit/537.36 (KHTML, like Gecko) Chrome/144.0.0.0 Safari/537.36", path_info: "/api/auth/login/"} after repeated login failures.
Unauthorized: /api/auth/login/
LOGIN DEBUG - request.data: {'username': 'admin@example.com', 'email': 'admin@example.com', 'password': 'admin123'}
AXES: User login failed, running database handler for failure.
AXES: Repeated login failure by {username: "********************", ip_address: "********************", user_agent: "Mozilla/5.0 (Windows NT 10.0; Win64; x64) AppleWebKit/537.36 (KHTML, like Gecko) Chrome/144.0.0.0 Safari/537.36", path_info: "/api/auth/login/"}. Updated existing record in the database.
AXES: Locking out {username: "********************", ip_address: "********************", user_agent: "Mozilla/5.0 (Windows NT 10.0; Win64; x64) AppleWebKit/537.36 (KHTML, like Gecko) Chrome/144.0.0.0 Safari/537.36", path_info: "/api/auth/login/"} after repeated login failures.
Unauthorized: /api/auth/login/
LOGIN DEBUG - request.data: {'username': 'admin@example.com', 'email': 'admin@example.com', 'password': 'admin123'}
AXES: User login failed, running database handler for failure.
AXES: Repeated login failure by {username: "********************", ip_address: "********************", user_agent: "Mozilla/5.0 (Windows NT 10.0; Win64; x64) AppleWebKit/537.36 (KHTML, like Gecko) Chrome/144.0.0.0 Safari/537.36", path_info: "/api/auth/login/"}. Updated existing record in the database.
AXES: Locking out {username: "********************", ip_address: "********************", user_agent: "Mozilla/5.0 (Windows NT 10.0; Win64; x64) AppleWebKit/537.36 (KHTML, like Gecko) Chrome/144.0.0.0 Safari/537.36", path_info: "/api/auth/login/"} after repeated login failures.
Unauthorized: /api/auth/login/
LOGIN DEBUG - request.data: {'username': 'admin@example.com', 'email': 'admin@example.com', 'password': 'admin123'}
AXES: User login failed, running database handler for failure.
AXES: Repeated login failure by {username: "********************", ip_address: "********************", user_agent: "Mozilla/5.0 (Windows NT 10.0; Win64; x64) AppleWebKit/537.36 (KHTML, like Gecko) Chrome/144.0.0.0 Safari/537.36", path_info: "/api/auth/login/"}. Updated existing record in the database.
AXES: Locking out {username: "********************", ip_address: "********************", user_agent: "Mozilla/5.0 (Windows NT 10.0; Win64; x64) AppleWebKit/537.36 (KHTML, like Gecko) Chrome/144.0.0.0 Safari/537.36", path_info: "/api/auth/login/"} after repeated login failures.
Unauthorized: /api/auth/login/
LOGIN DEBUG - request.data: {'username': 'admin@example.com', 'email': 'admin@example.com', 'password': 'admin123'}
AXES: User login failed, running database handler for failure.
AXES: Repeated login failure by {username: "********************", ip_address: "********************", user_agent: "Mozilla/5.0 (Windows NT 10.0; Win64; x64) AppleWebKit/537.36 (KHTML, like Gecko) Chrome/144.0.0.0 Safari/537.36", path_info: "/api/auth/login/"}. Updated existing record in the database.
AXES: Locking out {username: "********************", ip_address: "********************", user_agent: "Mozilla/5.0 (Windows NT 10.0; Win64; x64) AppleWebKit/537.36 (KHTML, like Gecko) Chrome/144.0.0.0 Safari/537.36", path_info: "/api/auth/login/"} after repeated login failures.
Unauthorized: /api/auth/login/
LOGIN DEBUG - request.data: {'username': 'admin@example.com', 'email': 'admin@example.com', 'password': 'admin123'}
AXES: User login failed, running database handler for failure.
AXES: Repeated login failure by {username: "********************", ip_address: "********************", user_agent: "Mozilla/5.0 (Windows NT 10.0; Win64; x64) AppleWebKit/537.36 (KHTML, like Gecko) Chrome/144.0.0.0 Safari/537.36", path_info: "/api/auth/login/"}. Updated existing record in the database.
AXES: Locking out {username: "********************", ip_address: "********************", user_agent: "Mozilla/5.0 (Windows NT 10.0; Win64; x64) AppleWebKit/537.36 (KHTML, like Gecko) Chrome/144.0.0.0 Safari/537.36", path_info: "/api/auth/login/"} after repeated login failures.
Unauthorized: /api/auth/login/
LOGIN DEBUG - request.data: {'username': 'admin@example.com', 'email': 'admin@example.com', 'password': 'admin123'}
AXES: User login failed, running database handler for failure.
AXES: Repeated login failure by {username: "********************", ip_address: "********************", user_agent: "Mozilla/5.0 (Windows NT 10.0; Win64; x64) AppleWebKit/537.36 (KHTML, like Gecko) Chrome/144.0.0.0 Safari/537.36", path_info: "/api/auth/login/"}. Updated existing record in the database.
AXES: Locking out {username: "********************", ip_address: "********************", user_agent: "Mozilla/5.0 (Windows NT 10.0; Win64; x64) AppleWebKit/537.36 (KHTML, like Gecko) Chrome/144.0.0.0 Safari/537.36", path_info: "/api/auth/login/"} after repeated login failures.
Unauthorized: /api/auth/login/
LOGIN DEBUG - request.data: {'username': 'admin@example.com', 'email': 'admin@example.com', 'password': 'admin123'}
AXES: User login failed, running database handler for failure.
AXES: Repeated login failure by {username: "********************", ip_address: "********************", user_agent: "Mozilla/5.0 (Windows NT 10.0; Win64; x64) AppleWebKit/537.36 (KHTML, like Gecko) Chrome/144.0.0.0 Safari/537.36", path_info: "/api/auth/login/"}. Updated existing record in the database.
AXES: Locking out {username: "********************", ip_address: "********************", user_agent: "Mozilla/5.0 (Windows NT 10.0; Win64; x64) AppleWebKit/537.36 (KHTML, like Gecko) Chrome/144.0.0.0 Safari/537.36", path_info: "/api/auth/login/"} after repeated login failures.
Unauthorized: /api/auth/login/
LOGIN DEBUG - request.data: {'email': 'newuser@example.com', 'password': 'stringstring'}
AXES: User login failed, running database handler for failure.
AXES: New login failure by {username: "********************", ip_address: "********************", user_agent: "Mozilla/5.0 (Windows NT 10.0; Win64; x64) AppleWebKit/537.36 (KHTML, like Gecko) Chrome/144.0.0.0 Safari/537.36", path_info: "/api/auth/login/"}. Created new record in the database.
AXES: Locking out {username: "********************", ip_address: "********************", user_agent: "Mozilla/5.0 (Windows NT 10.0; Win64; x64) AppleWebKit/537.36 (KHTML, like Gecko) Chrome/144.0.0.0 Safari/537.36", path_info: "/api/auth/login/"} after repeated login failures.
Unauthorized: /api/auth/login/
C:\Users\Hamza\Downloads\hainan-builder-portal\code\hainan-builder-portal\backend\config\settings.py changed, reloading.
AXES: BEGIN version 8.1.0, blocking by ip_address
Watching for file changes with StatReloader
AXES: BEGIN version 8.1.0, blocking by ip_address
AXES: BEGIN version 8.1.0, blocking by ip_address
Watching for file changes with StatReloader
AXES: BEGIN version 8.1.0, blocking by ip_address
AXES: BEGIN version 8.1.0, blocking by ip_address
Watching for file changes with StatReloader
C:\Users\Hamza\Downloads\hainan-builder-portal\code\hainan-builder-portal\backend\config\settings.py changed, reloading.
AXES: BEGIN version 8.1.0, blocking by ip_address
Watching for file changes with StatReloader
LOGIN DEBUG - request.data: {'username': 'admin@example.com', 'email': 'admin@example.com', 'password': 'admin123'}
AXES: User login failed, running database handler for failure.
AXES: New login failure by {username: "********************", ip_address: "********************", user_agent: "Mozilla/5.0 (Windows NT 10.0; Win64; x64) AppleWebKit/537.36 (KHTML, like Gecko) Chrome/144.0.0.0 Safari/537.36", path_info: "/api/auth/login/"}. Created new record in the database.
AXES: Locking out {username: "********************", ip_address: "********************", user_agent: "Mozilla/5.0 (Windows NT 10.0; Win64; x64) AppleWebKit/537.36 (KHTML, like Gecko) Chrome/144.0.0.0 Safari/537.36", path_info: "/api/auth/login/"} after repeated login failures.
Unauthorized: /api/auth/login/
LOGIN DEBUG - request.data: {'username': 'admin@example.com', 'email': 'admin@example.com', 'password': 'admin123'}
AXES: User login failed, running database handler for failure.
AXES: Repeated login failure by {username: "********************", ip_address: "********************", user_agent: "Mozilla/5.0 (Windows NT 10.0; Win64; x64) AppleWebKit/537.36 (KHTML, like Gecko) Chrome/144.0.0.0 Safari/537.36", path_info: "/api/auth/login/"}. Updated existing record in the database.
AXES: Locking out {username: "********************", ip_address: "********************", user_agent: "Mozilla/5.0 (Windows NT 10.0; Win64; x64) AppleWebKit/537.36 (KHTML, like Gecko) Chrome/144.0.0.0 Safari/537.36", path_info: "/api/auth/login/"} after repeated login failures.
Unauthorized: /api/auth/login/
LOGIN DEBUG - request.data: {'username': 'admin@email.com', 'email': 'admin@email.com', 'password': 'admin123'}
AXES: User login failed, running database handler for failure.
AXES: New login failure by {username: "********************", ip_address: "********************", user_agent: "Mozilla/5.0 (Windows NT 10.0; Win64; x64) AppleWebKit/537.36 (KHTML, like Gecko) Chrome/144.0.0.0 Safari/537.36", path_info: "/api/auth/login/"}. Created new record in the database.
AXES: Locking out {username: "********************", ip_address: "********************", user_agent: "Mozilla/5.0 (Windows NT 10.0; Win64; x64) AppleWebKit/537.36 (KHTML, like Gecko) Chrome/144.0.0.0 Safari/537.36", path_info: "/api/auth/login/"} after repeated login failures.
Unauthorized: /api/auth/login/
LOGIN DEBUG - request.data: {'username': 'admin@email.com', 'email': 'admin@email.com', 'password': 'admin123'}
AXES: User login failed, running database handler for failure.
AXES: Repeated login failure by {username: "********************", ip_address: "********************", user_agent: "Mozilla/5.0 (Windows NT 10.0; Win64; x64) AppleWebKit/537.36 (KHTML, like Gecko) Chrome/144.0.0.0 Safari/537.36", path_info: "/api/auth/login/"}. Updated existing record in the database.
AXES: Locking out {username: "********************", ip_address: "********************", user_agent: "Mozilla/5.0 (Windows NT 10.0; Win64; x64) AppleWebKit/537.36 (KHTML, like Gecko) Chrome/144.0.0.0 Safari/537.36", path_info: "/api/auth/login/"} after repeated login failures.
Unauthorized: /api/auth/login/
LOGIN DEBUG - request.data: {'email': 'newuser@example.com', 'password': 'stringstring'}
AXES: User login failed, running database handler for failure.
AXES: New login failure by {username: "********************", ip_address: "********************", user_agent: "Mozilla/5.0 (Windows NT 10.0; Win64; x64) AppleWebKit/537.36 (KHTML, like Gecko) Chrome/144.0.0.0 Safari/537.36", path_info: "/api/auth/login/"}. Created new record in the database.
AXES: Locking out {username: "********************", ip_address: "********************", user_agent: "Mozilla/5.0 (Windows NT 10.0; Win64; x64) AppleWebKit/537.36 (KHTML, like Gecko) Chrome/144.0.0.0 Safari/537.36", path_info: "/api/auth/login/"} after repeated login failures.
Unauthorized: /api/auth/login/
LOGIN DEBUG - request.data: {'email': 'newuser@example.com', 'password': 'stringstring'}
AXES: User login failed, running database handler for failure.
AXES: Repeated login failure by {username: "********************", ip_address: "********************", user_agent: "Mozilla/5.0 (Windows NT 10.0; Win64; x64) AppleWebKit/537.36 (KHTML, like Gecko) Chrome/144.0.0.0 Safari/537.36", path_info: "/api/auth/login/"}. Updated existing record in the database.
AXES: Locking out {username: "********************", ip_address: "********************", user_agent: "Mozilla/5.0 (Windows NT 10.0; Win64; x64) AppleWebKit/537.36 (KHTML, like Gecko) Chrome/144.0.0.0 Safari/537.36", path_info: "/api/auth/login/"} after repeated login failures.
Unauthorized: /api/auth/login/
AXES: BEGIN version 8.1.0, blocking by ip_address
AXES: BEGIN version 8.1.0, blocking by ip_address
AXES: BEGIN version 8.1.0, blocking by ip_address
Watching for file changes with StatReloader
LOGIN DEBUG - request.data: {'email': 'newuser@example.com', 'password': 'stringstring'}
AXES: User login failed, running database handler for failure.
AXES: Repeated login failure by {username: "********************", ip_address: "********************", user_agent: "Mozilla/5.0 (Windows NT 10.0; Win64; x64) AppleWebKit/537.36 (KHTML, like Gecko) Chrome/144.0.0.0 Safari/537.36", path_info: "/api/auth/login/"}. Updated existing record in the database.
AXES: Locking out {username: "********************", ip_address: "********************", user_agent: "Mozilla/5.0 (Windows NT 10.0; Win64; x64) AppleWebKit/537.36 (KHTML, like Gecko) Chrome/144.0.0.0 Safari/537.36", path_info: "/api/auth/login/"} after repeated login failures.
Unauthorized: /api/auth/login/
LOGIN DEBUG - request.data: {'email': 'newuser@example.com', 'password': 'stringstring'}
AXES: User login failed, running database handler for failure.
AXES: Repeated login failure by {username: "********************", ip_address: "********************", user_agent: "Mozilla/5.0 (Windows NT 10.0; Win64; x64) AppleWebKit/537.36 (KHTML, like Gecko) Chrome/144.0.0.0 Safari/537.36", path_info: "/api/auth/login/"}. Updated existing record in the database.
AXES: Locking out {username: "********************", ip_address: "********************", user_agent: "Mozilla/5.0 (Windows NT 10.0; Win64; x64) AppleWebKit/537.36 (KHTML, like Gecko) Chrome/144.0.0.0 Safari/537.36", path_info: "/api/auth/login/"} after repeated login failures.
Unauthorized: /api/auth/login/
AXES: BEGIN version 8.1.0, blocking by ip_address
AXES: Reset 6 access attempts from database.
AXES: BEGIN version 8.1.0, blocking by ip_address
AXES: BEGIN version 8.1.0, blocking by ip_address
Watching for file changes with StatReloader
LOGIN DEBUG - request.data: {'email': 'newuser@example.com', 'password': 'stringstring'}
LOGIN DEBUG - response.status: 200
LOGIN DEBUG - found user: newuser@example.com
Forbidden: /api/auth/login/
LOGIN DEBUG - request.data: {'email': 'newuser@example.com', 'password': 'stringstring'}
LOGIN DEBUG - response.status: 200
LOGIN DEBUG - found user: newuser@example.com
LOGIN DEBUG - request.data: {'username': 'newuser@example.com', 'email': 'newuser@example.com', 'password': 'stringstring'}
LOGIN DEBUG - response.status: 200
LOGIN DEBUG - found user: newuser@example.com
Not Found: /api/documents/service-types/
Not Found: /api/documents/service-types/
Not Found: /api/documents/service-types/
Not Found: /api/documents/document-requirements/
Not Found: /api/documents/service-types/
Not Found: /api/documents/document-requirements/
Not Found: /api/documents/service-types/
Not Found: /api/documents/service-types/
Not Found: /api/documents/service-types/
Not Found: /api/documents/service-types/
Not Found: /api/documents/service-types/
Not Found: /api/documents/service-types/
Not Found: /api/documents/service-types/
Not Found: /api/documents/service-types/
C:\Users\Hamza\Downloads\hainan-builder-portal\code\hainan-builder-portal\backend\accounts\models.py changed, reloading.
AXES: BEGIN version 8.1.0, blocking by ip_address
Watching for file changes with StatReloader
C:\Users\Hamza\Downloads\hainan-builder-portal\code\hainan-builder-portal\backend\accounts\urls.py changed, reloading.
AXES: BEGIN version 8.1.0, blocking by ip_address
Watching for file changes with StatReloader
C:\Users\Hamza\Downloads\hainan-builder-portal\code\hainan-builder-portal\backend\accounts\views.py changed, reloading.
AXES: BEGIN version 8.1.0, blocking by ip_address
Watching for file changes with StatReloader
C:\Users\Hamza\Downloads\hainan-builder-portal\code\hainan-builder-portal\backend\applicants\dashboard_views.py changed, reloading.
AXES: BEGIN version 8.1.0, blocking by ip_address
Watching for file changes with StatReloader
C:\Users\Hamza\Downloads\hainan-builder-portal\code\hainan-builder-portal\backend\config\urls.py changed, reloading.
AXES: BEGIN version 8.1.0, blocking by ip_address
Watching for file changes with StatReloader
Not Found: /api/documents/service-types/
Not Found: /api/documents/service-types/
Not Found: /api/documents/service-types/
Not Found: /api/documents/service-types/
Not Found: /api/documents/service-types/
Not Found: /api/documents/service-types/
AXES: BEGIN version 8.1.0, blocking by ip_address
AXES: BEGIN version 8.1.0, blocking by ip_address
AXES: BEGIN version 8.1.0, blocking by ip_address
AXES: BEGIN version 8.1.0, blocking by ip_address
Watching for file changes with StatReloader
Unauthorized: /api/auth/me/
Unauthorized: /api/auth/me/
Not Found: /api/documents/service-types/
Not Found: /api/documents/service-types/
Not Found: /api/documents/service-types/
Not Found: /api/documents/service-types/
Not Found: /api/documents/document-requirements/
Not Found: /api/documents/document-requirements/
Not Found: /api/documents/service-types/
Not Found: /api/documents/service-types/
Bad Request: /api/auth/team/invitations/
C:\Users\Hamza\Downloads\hainan-builder-portal\code\hainan-builder-portal\backend\accounts\views.py changed, reloading.
AXES: BEGIN version 8.1.0, blocking by ip_address
Watching for file changes with StatReloader
C:\Users\Hamza\Downloads\hainan-builder-portal\code\hainan-builder-portal\backend\accounts\urls.py changed, reloading.
AXES: BEGIN version 8.1.0, blocking by ip_address
Watching for file changes with StatReloader
Not Found: /api/documents/service-types/
Not Found: /api/documents/service-types/
Not Found: /api/documents/service-types/
Not Found: /api/documents/service-types/
Not Found: /api/documents/document-requirements/
Not Found: /api/documents/service-types/
Not Found: /api/documents/document-requirements/
Not Found: /api/documents/service-types/
Not Found: /api/documents/service-types/
C:\Users\Hamza\Downloads\hainan-builder-portal\code\hainan-builder-portal\backend\applicants\serializers.py changed, reloading.
AXES: BEGIN version 8.1.0, blocking by ip_address
Watching for file changes with StatReloader
Not Found: /api/documents/service-types/
Not Found: /api/documents/service-types/
Not Found: /api/documents/document-requirements/
Not Found: /api/documents/service-types/
Not Found: /api/documents/document-requirements/
Not Found: /api/documents/document-requirements/
Not Found: /api/documents/service-types/
Not Found: /api/documents/service-types/
Not Found: /api/documents/document-requirements/
Not Found: /api/documents/service-types/
Not Found: /api/documents/service-types/
Not Found: /api/documents/service-types/
Not Found: /api/documents/document-requirements/
Not Found: /api/documents/service-types/
Not Found: /api/documents/document-requirements/
Not Found: /api/documents/service-types/
Not Found: /api/documents/service-types/
Not Found: /api/documents/service-types/
Not Found: /api/documents/document-requirements/
Not Found: /api/documents/service-types/
Not Found: /api/documents/document-requirements/
Not Found: /api/documents/document-requirements/
Not Found: /api/documents/service-types/
Not Found: /api/documents/service-types/
Not Found: /api/documents/document-requirements/
Not Found: /api/documents/service-types/
Not Found: /api/documents/document-requirements/
Not Found: /api/documents/service-types/
Not Found: /api/documents/document-requirements/
Not Found: /api/documents/document-requirements/
Not Found: /api/documents/service-types/
Not Found: /api/documents/service-types/
Not Found: /api/documents/document-requirements/
C:\Users\Hamza\Downloads\hainan-builder-portal\code\hainan-builder-portal\backend\config\settings.py changed, reloading.
Watching for file changes with StatReloader
C:\Users\Hamza\Downloads\hainan-builder-portal\code\hainan-builder-portal\backend\config\settings.py changed, reloading.
Watching for file changes with StatReloader
C:\Users\Hamza\Downloads\hainan-builder-portal\code\hainan-builder-portal\backend\config\settings.py changed, reloading.
Watching for file changes with StatReloader
Watching for file changes with StatReloader
Unauthorized: /api/auth/me/
Unauthorized: /api/auth/me/
Failed to send verification email: (535, b'5.7.8 Error: authentication failed: (reason unavailable)')
LOGIN DEBUG - request.data: {'username': 'akirayagami665@gmail.com', 'email': 'akirayagami665@gmail.com', 'password': 'stringstring'}
LOGIN DEBUG - response.status: 200
LOGIN DEBUG - found user: akirayagami665@gmail.com
C:\Users\Hamza\Downloads\hainan-builder-portal\code\hainan-builder-portal\backend\accounts\serializers.py changed, reloading.
Watching for file changes with StatReloader
C:\Users\Hamza\Downloads\hainan-builder-portal\code\hainan-builder-portal\backend\accounts\serializers.py changed, reloading.
Watching for file changes with StatReloader
C:\Users\Hamza\Downloads\hainan-builder-portal\code\hainan-builder-portal\backend\accounts\views.py changed, reloading.
Watching for file changes with StatReloader
C:\Users\Hamza\Downloads\hainan-builder-portal\code\hainan-builder-portal\backend\accounts\views.py changed, reloading.
Watching for file changes with StatReloader
C:\Users\Hamza\Downloads\hainan-builder-portal\code\hainan-builder-portal\backend\accounts\views.py changed, reloading.
Watching for file changes with StatReloader
C:\Users\Hamza\Downloads\hainan-builder-portal\code\hainan-builder-portal\backend\accounts\models.py changed, reloading.
Watching for file changes with StatReloader
C:\Users\Hamza\Downloads\hainan-builder-portal\code\hainan-builder-portal\backend\accounts\models.py changed, reloading.
Watching for file changes with StatReloader
Watching for file changes with StatReloader
Failed to send verification email: (535, b'5.7.8 Error: authentication failed: (reason unavailable)')
LOGIN DEBUG - request.data: {'username': 'akirayagami665@gmail.com', 'email': 'akirayagami665@gmail.com', 'password': 'stringstring'}
LOGIN DEBUG - found user: akirayagami665@gmail.com, is_active: False
Forbidden: /api/auth/login/
C:\Users\Hamza\Downloads\hainan-builder-portal\code\hainan-builder-portal\backend\manage.py changed, reloading.
Watching for file changes with StatReloader
C:\Users\Hamza\Downloads\hainan-builder-portal\code\hainan-builder-portal\backend\accounts\views.py changed, reloading.
Watching for file changes with StatReloader
Watching for file changes with StatReloader
EMAIL DEBUG - Host: smtp.hostinger.com, Port: 587, User: partner@hainancorporateservices.com, From: partner@hainancorporateservices.com
Failed to send verification email: (535, b'5.7.8 Error: authentication failed: (reason unavailable)')
Email error traceback: Traceback (most recent call last):
  File "C:\Users\Hamza\Downloads\hainan-builder-portal\code\hainan-builder-portal\backend\accounts\views.py", line 63, in create
    result = send_mail(
        subject="Verify your Hainan Builder Portal account",
    ...<3 lines>...
        fail_silently=False,
    )
  File "C:\Users\Hamza\miniconda3\Lib\site-packages\django\core\mail\__init__.py", line 92, in send_mail
    return mail.send()
           ~~~~~~~~~^^
  File "C:\Users\Hamza\miniconda3\Lib\site-packages\django\core\mail\message.py", line 307, in send
    return self.get_connection(fail_silently).send_messages([self])
           ~~~~~~~~~~~~~~~~~~~~~~~~~~~~~~~~~~~~~~~~~~~~~~~~^^^^^^^^
  File "C:\Users\Hamza\miniconda3\Lib\site-packages\django\core\mail\backends\smtp.py", line 128, in send_messages
    new_conn_created = self.open()
  File "C:\Users\Hamza\miniconda3\Lib\site-packages\django\core\mail\backends\smtp.py", line 95, in open
    self.connection.login(self.username, self.password)
    ~~~~~~~~~~~~~~~~~~~~~^^^^^^^^^^^^^^^^^^^^^^^^^^^^^^
  File "C:\Users\Hamza\miniconda3\Lib\smtplib.py", line 750, in login
    raise last_exception
  File "C:\Users\Hamza\miniconda3\Lib\smtplib.py", line 739, in login
    (code, resp) = self.auth(
                   ~~~~~~~~~^
        authmethod, getattr(self, method_name),
        ^^^^^^^^^^^^^^^^^^^^^^^^^^^^^^^^^^^^^^^
        initial_response_ok=initial_response_ok)
        ^^^^^^^^^^^^^^^^^^^^^^^^^^^^^^^^^^^^^^^^
  File "C:\Users\Hamza\miniconda3\Lib\smtplib.py", line 662, in auth
    raise SMTPAuthenticationError(code, resp)
smtplib.SMTPAuthenticationError: (535, b'5.7.8 Error: authentication failed: (reason unavailable)')

LOGIN DEBUG - request.data: {'username': 'akirayagami665@gmail.com', 'email': 'akirayagami665@gmail.com', 'password': 'stringstring'}
LOGIN DEBUG - found user: akirayagami665@gmail.com, is_active: False
Forbidden: /api/auth/login/
C:\Users\Hamza\Downloads\hainan-builder-portal\code\hainan-builder-portal\backend\config\wsgi.py changed, reloading.
Watching for file changes with StatReloader
Watching for file changes with StatReloader
EMAIL DEBUG - Host: smtp.hostinger.com, Port: 587, User: partner@hainancorporateservices.com, From: partner@hainancorporateservices.com
EMAIL DEBUG - send_mail result: 1
LOGIN DEBUG - request.data: {'username': 'akirayagami665@gmail.com', 'email': 'akirayagami665@gmail.com', 'password': 'stringstring'}
LOGIN DEBUG - found user: akirayagami665@gmail.com, is_active: False
Forbidden: /api/auth/login/
LOGIN DEBUG - request.data: {'username': 'akirayagami665@gmail.com', 'email': 'akirayagami665@gmail.com', 'password': 'stringstring'}
LOGIN DEBUG - found user: akirayagami665@gmail.com, is_active: True
LOGIN DEBUG - response.status: 200
Not Found: /api/documents/service-types/
Not Found: /api/documents/service-types/
Not Found: /api/documents/service-types/
Not Found: /api/documents/service-types/
Watching for file changes with StatReloader
LOGIN DEBUG - request.data: {'username': 'newuser@email.com', 'email': 'newuser@email.com', 'password': 'stringstring'}
LOGIN DEBUG - found user: None, is_active: N/A
Unauthorized: /api/auth/login/
LOGIN DEBUG - request.data: {'username': 'admin@email.com', 'email': 'admin@email.com', 'password': 'admin123'}
LOGIN DEBUG - found user: admin@email.com, is_active: True
LOGIN DEBUG - response.status: 200
Not Found: /api/documents/service-types/
Not Found: /api/documents/document-requirements/
Not Found: /api/documents/service-types/
Not Found: /api/documents/document-requirements/
Bad Request: /api/deals/
Bad Request: /api/deals/
C:\Users\Hamza\Downloads\hainan-builder-portal\code\hainan-builder-portal\backend\deals\serializers.py changed, reloading.
Watching for file changes with StatReloader
Bad Request: /api/deals/
C:\Users\Hamza\Downloads\hainan-builder-portal\code\hainan-builder-portal\backend\deals\serializers.py changed, reloading.
Watching for file changes with StatReloader
Internal Server Error: /api/deals/
Traceback (most recent call last):
  File "C:\Users\Hamza\miniconda3\Lib\site-packages\django\db\backends\utils.py", line 105, in _execute
    return self.cursor.execute(sql, params)
           ~~~~~~~~~~~~~~~~~~~^^^^^^^^^^^^^
psycopg2.errors.NotNullViolation: null value in column "partner_id" of relation "deals" violates not-null constraint
DETAIL:  Failing row contains (1, Business Visa, UK, new, unpaid, 1000.00, 0.00, USD, , , 2026-02-20 19:42:03.404307+00, 2026-02-20 19:42:03.404324+00, 8, null, null).


The above exception was the direct cause of the following exception:

Traceback (most recent call last):
  File "C:\Users\Hamza\miniconda3\Lib\site-packages\django\core\handlers\exception.py", line 55, in inner
    response = get_response(request)
  File "C:\Users\Hamza\miniconda3\Lib\site-packages\django\core\handlers\base.py", line 197, in _get_response
    response = wrapped_callback(request, *callback_args, **callback_kwargs)
  File "C:\Users\Hamza\miniconda3\Lib\site-packages\django\views\decorators\csrf.py", line 65, in _view_wrapper
    return view_func(request, *args, **kwargs)
  File "C:\Users\Hamza\miniconda3\Lib\site-packages\rest_framework\viewsets.py", line 125, in view
    return self.dispatch(request, *args, **kwargs)
           ~~~~~~~~~~~~~^^^^^^^^^^^^^^^^^^^^^^^^^^
  File "C:\Users\Hamza\miniconda3\Lib\site-packages\rest_framework\views.py", line 515, in dispatch
    response = self.handle_exception(exc)
  File "C:\Users\Hamza\miniconda3\Lib\site-packages\rest_framework\views.py", line 475, in handle_exception
    self.raise_uncaught_exception(exc)
    ~~~~~~~~~~~~~~~~~~~~~~~~~~~~~^^^^^
  File "C:\Users\Hamza\miniconda3\Lib\site-packages\rest_framework\views.py", line 486, in raise_uncaught_exception
    raise exc
  File "C:\Users\Hamza\miniconda3\Lib\site-packages\rest_framework\views.py", line 512, in dispatch
    response = handler(request, *args, **kwargs)
  File "C:\Users\Hamza\Downloads\hainan-builder-portal\code\hainan-builder-portal\backend\deals\views.py", line 123, in create
    return super().create(request, *args, **kwargs)
           ~~~~~~~~~~~~~~^^^^^^^^^^^^^^^^^^^^^^^^^^
  File "C:\Users\Hamza\miniconda3\Lib\site-packages\rest_framework\mixins.py", line 19, in create
    self.perform_create(serializer)
    ~~~~~~~~~~~~~~~~~~~^^^^^^^^^^^^
  File "C:\Users\Hamza\miniconda3\Lib\site-packages\rest_framework\mixins.py", line 24, in perform_create
    serializer.save()
    ~~~~~~~~~~~~~~~^^
  File "C:\Users\Hamza\miniconda3\Lib\site-packages\rest_framework\serializers.py", line 210, in save
    self.instance = self.create(validated_data)
                    ~~~~~~~~~~~^^^^^^^^^^^^^^^^
  File "C:\Users\Hamza\Downloads\hainan-builder-portal\code\hainan-builder-portal\backend\deals\serializers.py", line 154, in create
    return super().create(validated_data)
           ~~~~~~~~~~~~~~^^^^^^^^^^^^^^^^
  File "C:\Users\Hamza\miniconda3\Lib\site-packages\rest_framework\serializers.py", line 991, in create
    instance = ModelClass._default_manager.create(**validated_data)
  File "C:\Users\Hamza\miniconda3\Lib\site-packages\django\db\models\manager.py", line 87, in manager_method
    return getattr(self.get_queryset(), name)(*args, **kwargs)
           ~~~~~~~~~~~~~~~~~~~~~~~~~~~~~~~~~~^^^^^^^^^^^^^^^^^
  File "C:\Users\Hamza\miniconda3\Lib\site-packages\django\db\models\query.py", line 663, in create
    obj.save(force_insert=True, using=self.db)
    ~~~~~~~~^^^^^^^^^^^^^^^^^^^^^^^^^^^^^^^^^^
  File "C:\Users\Hamza\miniconda3\Lib\site-packages\django\db\models\base.py", line 902, in save
    self.save_base(
    ~~~~~~~~~~~~~~^
        using=using,
        ^^^^^^^^^^^^
    ...<2 lines>...
        update_fields=update_fields,
        ^^^^^^^^^^^^^^^^^^^^^^^^^^^^
    )
    ^
  File "C:\Users\Hamza\miniconda3\Lib\site-packages\django\db\models\base.py", line 1008, in save_base
    updated = self._save_table(
        raw,
    ...<4 lines>...
        update_fields,
    )
  File "C:\Users\Hamza\miniconda3\Lib\site-packages\django\db\models\base.py", line 1169, in _save_table
    results = self._do_insert(
        cls._base_manager, using, fields, returning_fields, raw
    )
  File "C:\Users\Hamza\miniconda3\Lib\site-packages\django\db\models\base.py", line 1210, in _do_insert
    return manager._insert(
           ~~~~~~~~~~~~~~~^
        [self],
        ^^^^^^^
    ...<3 lines>...
        raw=raw,
        ^^^^^^^^
    )
    ^
  File "C:\Users\Hamza\miniconda3\Lib\site-packages\django\db\models\manager.py", line 87, in manager_method
    return getattr(self.get_queryset(), name)(*args, **kwargs)
           ~~~~~~~~~~~~~~~~~~~~~~~~~~~~~~~~~~^^^^^^^^^^^^^^^^^
  File "C:\Users\Hamza\miniconda3\Lib\site-packages\django\db\models\query.py", line 1868, in _insert
    return query.get_compiler(using=using).execute_sql(returning_fields)
           ~~~~~~~~~~~~~~~~~~~~~~~~~~~~~~~~~~~~~~~~~~~^^^^^^^^^^^^^^^^^^
  File "C:\Users\Hamza\miniconda3\Lib\site-packages\django\db\models\sql\compiler.py", line 1882, in execute_sql
    cursor.execute(sql, params)
    ~~~~~~~~~~~~~~^^^^^^^^^^^^^
  File "C:\Users\Hamza\miniconda3\Lib\site-packages\django\db\backends\utils.py", line 122, in execute
    return super().execute(sql, params)
           ~~~~~~~~~~~~~~~^^^^^^^^^^^^^
  File "C:\Users\Hamza\miniconda3\Lib\site-packages\django\db\backends\utils.py", line 79, in execute
    return self._execute_with_wrappers(
           ~~~~~~~~~~~~~~~~~~~~~~~~~~~^
        sql, params, many=False, executor=self._execute
        ^^^^^^^^^^^^^^^^^^^^^^^^^^^^^^^^^^^^^^^^^^^^^^^
    )
    ^
  File "C:\Users\Hamza\miniconda3\Lib\site-packages\django\db\backends\utils.py", line 92, in _execute_with_wrappers
    return executor(sql, params, many, context)
  File "C:\Users\Hamza\miniconda3\Lib\site-packages\django\db\backends\utils.py", line 100, in _execute
    with self.db.wrap_database_errors:
         ^^^^^^^^^^^^^^^^^^^^^^^^^^^^
  File "C:\Users\Hamza\miniconda3\Lib\site-packages\django\db\utils.py", line 91, in __exit__
    raise dj_exc_value.with_traceback(traceback) from exc_value
  File "C:\Users\Hamza\miniconda3\Lib\site-packages\django\db\backends\utils.py", line 105, in _execute
    return self.cursor.execute(sql, params)
           ~~~~~~~~~~~~~~~~~~~^^^^^^^^^^^^^
django.db.utils.IntegrityError: null value in column "partner_id" of relation "deals" violates not-null constraint
DETAIL:  Failing row contains (1, Business Visa, UK, new, unpaid, 1000.00, 0.00, USD, , , 2026-02-20 19:42:03.404307+00, 2026-02-20 19:42:03.404324+00, 8, null, null).

C:\Users\Hamza\Downloads\hainan-builder-portal\code\hainan-builder-portal\backend\deals\serializers.py changed, reloading.
Watching for file changes with StatReloader
C:\Users\Hamza\Downloads\hainan-builder-portal\code\hainan-builder-portal\backend\deals\serializers.py changed, reloading.
Watching for file changes with StatReloader
C:\Users\Hamza\Downloads\hainan-builder-portal\code\hainan-builder-portal\backend\deals\serializers.py changed, reloading.
Watching for file changes with StatReloader
C:\Users\Hamza\Downloads\hainan-builder-portal\code\hainan-builder-portal\backend\deals\serializers.py changed, reloading.
Watching for file changes with StatReloader
Watching for file changes with StatReloader
C:\Users\Hamza\Downloads\hainan-builder-portal\code\hainan-builder-portal\backend\deals\serializers.py changed, reloading.
Watching for file changes with StatReloader
C:\Users\Hamza\Downloads\hainan-builder-portal\code\hainan-builder-portal\backend\deals\serializers.py changed, reloading.
Watching for file changes with StatReloader
C:\Users\Hamza\Downloads\hainan-builder-portal\code\hainan-builder-portal\backend\deals\serializers.py changed, reloading.
Watching for file changes with StatReloader
Unauthorized: /api/deals/
Unauthorized: /api/applicants/
Unauthorized: /api/deals/
Unauthorized: /api/applicants/
Watching for file changes with StatReloader
Watching for file changes with StatReloader
C:\Users\Hamza\Downloads\hainan-builder-portal\code\hainan-builder-portal\backend\deals\apps.py changed, reloading.
Watching for file changes with StatReloader
Watching for file changes with StatReloader
Unauthorized: /api/auth/me/
Unauthorized: /api/auth/me/
Unauthorized: /api/reports/admin/
Not Found: /favicon.ico
Unauthorized: /api/auth/me/
Unauthorized: /api/auth/me/
LOGIN DEBUG - request.data: {'username': 'hamza123ahmed123mirza@gmail.com', 'email': 'hamza123ahmed123mirza@gmail.com', 'password': 'string'}
LOGIN DEBUG - found user: hamza123ahmed123mirza@gmail.com, is_active: True
Unauthorized: /api/auth/login/
LOGIN DEBUG - request.data: {'username': 'hamza123ahmed123mirza@gmail.com', 'email': 'hamza123ahmed123mirza@gmail.com', 'password': 'stringstring'}
LOGIN DEBUG - found user: hamza123ahmed123mirza@gmail.com, is_active: True
Unauthorized: /api/auth/login/
LOGIN DEBUG - request.data: {'username': 'hamza123ahmed123mirza@gmail.com', 'email': 'hamza123ahmed123mirza@gmail.com', 'password': 'stringstring'}
LOGIN DEBUG - found user: hamza123ahmed123mirza@gmail.com, is_active: True
Unauthorized: /api/auth/login/
EMAIL DEBUG - Host: smtp.hostinger.com, Port: 587, User: partner@hainancorporateservices.com, From: partner@hainancorporateservices.com
EMAIL DEBUG - send_mail result: 1
LOGIN DEBUG - request.data: {'username': 'partner@email.com', 'email': 'partner@email.com', 'password': 'stringstring'}
LOGIN DEBUG - found user: partner@email.com, is_active: False
Forbidden: /api/auth/login/
LOGIN DEBUG - request.data: {'username': 'akirayagami665@gmail.com', 'email': 'akirayagami665@gmail.com', 'password': 'stringstring'}
LOGIN DEBUG - found user: akirayagami665@gmail.com, is_active: True
LOGIN DEBUG - response.status: 200
Watching for file changes with StatReloader
Watching for file changes with StatReloader
LOGIN DEBUG - request.data: {'email': 'string', 'password': 'string'}
LOGIN DEBUG - found user: None, is_active: N/A
Unauthorized: /api/auth/login/
Unauthorized: /api/auth/me/
Unauthorized: /api/auth/me/
LOGIN DEBUG - request.data: {'username': 'akirayagami665@gmail.com', 'email': 'akirayagami665@gmail.com', 'password': 'stringstring'}
LOGIN DEBUG - found user: akirayagami665@gmail.com, is_active: True
LOGIN DEBUG - response.status: 200
Not Found: /api/documents/service-types/
Not Found: /api/documents/service-types/
Not Found: /api/documents/service-types/
Not Found: /api/documents/document-requirements/
Not Found: /api/documents/service-types/
Not Found: /api/documents/document-requirements/
C:\Users\Hamza\Downloads\hainan-builder-portal\code\hainan-builder-portal\backend\applicants\views.py changed, reloading.
Watching for file changes with StatReloader
